714,MRKT
714,PR
714,WRT
877,ENG
877,IT
4357,SALE
4357,BD
4357,GENB
878,IT
518,BD
518,SALE
869,MGMT
869,TRNG
4171,IT
4184,GENB
4184,BD
4184,SALE
715,OTHR
1329,SALE
1329,MRKT
942,IT
4316,MGMT
4316,MNFC
708,MGMT
708,MNFC
4277,ACCT
4312,SALE
4312,BD
4312,GENB
345,FIN
345,SALE
720,ENG
720,IT
4143,FIN
4143,SALE
4143,BD
732,MGMT
732,MNFC
736,MGMT
866,MGMT
866,MNFC
793,PRJM
793,IT
873,MRKT
873,WRT
873,DSGN
805,MGMT
805,MNFC
1000,PRJM
1000,ENG
1000,OTHR
1188,ADM
1188,PRJM
814,RSCH
814,ANLS
4207,ACCT
4207,BD
4207,SALE
936,RSCH
936,ANLS
936,IT
874,MGMT
874,MNFC
725,MGMT
725,MNFC
709,MGMT
709,MNFC
710,SALE
726,ENG
726,IT
4321,ACCT
730,FIN
730,IT
730,BD
950,ADM
950,ANLS
950,CNSL
1066,MGMT
1066,MNFC
993,ADM
935,ENG
935,IT
1004,PRJM
1004,MGMT
4156,ADVR
1192,IT
4144,FIN
4144,SALE
4144,BD
4201,MNFC
863,PRCH
863,SUPL
925,MGMT
925,MNFC
687,MGMT
687,MNFC
4279,ACCT
795,ENG
795,IT
1189,OTHR
1191,ACCT
1064,PRJM
1323,OTHR
943,HR
943,OTHR
943,ACCT
4401,SCI
4401,RSCH
4401,OTHR
952,LGL
952,FIN
688,OTHR
707,OTHR
867,QA
875,MRKT
875,SALE
1187,RSCH
1187,IT
4315,STRA
4315,FIN
4315,GENB
4169,CNSL
4169,HR
4169,WRT
810,SALE
810,BD
4308,MGMT
4308,MNFC
794,ENG
794,IT
799,MGMT
799,MNFC
797,OTHR
1201,ADM
1009,LGL
1010,ACCT
1010,FIN
684,BD
684,SALE
927,HCPR
1072,MNFC
802,MGMT
811,ACCT
811,FIN
704,ENG
704,IT
728,MGMT
728,MNFC
716,MGMT
716,MNFC
803,IT
742,ACCT
4240,MGMT
4240,MNFC
1202,ENG
1202,IT
4170,PRJM
4170,IT
4158,MGMT
4158,MNFC
890,SALE
890,BD
4239,ADM
4322,HR
4272,ADM
4206,ENG
4206,IT
4248,MGMT
4248,MNFC
4274,ACCT
4274,FIN
1332,ENG
1332,IT
949,HR
949,ACCT
949,ADM
790,HCPR
4157,FIN
4157,SALE
4157,BD
937,IT
1005,IT
734,ENG
1194,ENG
1194,MNFC
4323,IT
4181,HCPR
807,IT
713,OTHR
4309,HCPR
4199,HCPR
4304,HCPR
930,ENG
930,IT
703,MGMT
703,MNFC
4191,ACCT
4191,FIN
4191,OTHR
739,FIN
739,SALE
804,ENG
804,IT
961,ANLS
4189,HCPR
4174,OTHR
4174,IT
4174,MGMT
953,PRJM
953,IT
4166,HCPR
954,FIN
954,SALE
4356,PRJM
4356,MGMT
4237,HCPR
721,OTHR
4165,HCPR
4193,GENB
938,CNSL
938,IT
938,SALE
737,BD
737,SALE
699,PRCH
699,SUPL
4198,HCPR
4192,IT
884,DSGN
884,ART
1079,OTHR
1339,ACCT
1339,PRJM
4362,MGMT
4362,MNFC
1195,MNFC
692,ENG
692,IT
1199,FIN
1199,SALE
705,ACCT
705,FIN
4155,HCPR
945,MGMT
945,MNFC
945,IT
4176,CUST
4176,GENB
1091,IT
928,ACCT
928,FIN
746,MRKT
746,PR
746,WRT
819,MGMT
819,GENB
819,FIN
1200,MNFC
1200,MGMT
1200,SUPL
817,PRJM
817,DIST
817,HR
1333,ENG
1333,OTHR
1333,GENB
681,RSCH
681,ANLS
681,IT
818,HCPR
4173,LGL
1071,HR
1071,PRJM
1071,ANLS
4194,HCPR
994,CNSL
994,IT
994,SALE
998,PRJM
729,CNSL
729,CUST
4215,SCI
4413,DSGN
4413,ENG
712,SALE
712,BD
4177,FIN
4177,SALE
4177,BD
1212,ENG
1212,IT
700,MRKT
700,SALE
4403,RSCH
4403,ANLS
4403,IT
1076,ADM
957,ADM
4202,PRJM
4202,IT
965,IT
965,CUST
1006,DSGN
1077,SALE
1077,BD
1077,CUST
883,FIN
883,SALE
1082,PRJM
4405,HCPR
4159,HCPR
960,CUST
960,CNSL
859,OTHR
1354,ENG
4187,MGMT
4187,MNFC
4212,MGMT
4212,ANLS
4212,CNSL
4363,HR
4271,HCPR
741,ENG
1205,ENG
1205,IT
1214,IT
791,HCPR
4251,CUST
1209,ADM
1209,ADVR
996,OTHR
1347,IT
4183,MGMT
4183,MNFC
4151,MGMT
4151,MNFC
1342,IT
1327,BD
1327,SALE
1085,DSGN
1334,MRKT
1334,PR
1334,WRT
1348,ADM
862,ENG
862,IT
748,SALE
748,BD
4152,HCPR
1013,ACCT
1013,FIN
4461,ENG
4220,CUST
727,MGMT
727,MNFC
4205,ADM
4359,STRA
4359,IT
1210,IT
870,PRJM
870,IT
1190,IT
1190,PRJM
898,IT
1345,OTHR
4250,IT
4250,ENG
4250,CNSL
964,MGMT
964,EDU
964,GENB
750,HCPR
1008,HCPR
1219,IT
696,ADM
941,SALE
941,BD
4242,DSGN
4242,ART
4242,IT
4185,ACCT
4185,BD
4185,SALE
4190,BD
4190,SALE
1336,OTHR
4163,HCPR
1358,ADM
1358,CUST
1358,GENB
934,HR
719,ACCT
719,FIN
686,HCPR
1068,BD
1068,PRJM
882,IT
4350,FIN
4350,SALE
4182,MGMT
4182,MNFC
1014,SALE
1014,BD
717,ENG
717,IT
4175,ANLS
757,SALE
757,BD
926,FIN
926,SALE
1346,PRJM
1346,IT
872,HR
4411,PRJM
1090,HR
1090,ANLS
4247,ENG
4247,IT
861,MGMT
861,MNFC
1023,MNFC
1023,MGMT
929,MGMT
929,MNFC
1335,FIN
1335,ANLS
1012,ENG
1012,MNFC
833,ADVR
4148,FIN
4148,SALE
4407,OTHR
951,MGMT
951,MNFC
1226,OTHR
693,MGMT
693,MNFC
731,FIN
731,SALE
4213,HCPR
4415,PRJM
701,QA
4408,MGMT
4408,MNFC
801,IT
801,PRJM
4188,HCPR
4231,IT
1369,CUST
1369,ADM
1369,GENB
4353,RSCH
4353,ANLS
4353,IT
733,HR
733,ADM
733,CUST
1069,QA
768,ADM
768,CUST
685,ENG
685,IT
907,MGMT
907,PRJM
907,ENG
4384,TRNG
4384,EDU
4384,SALE
798,QA
691,IT
4354,MRKT
4354,SALE
4406,ENG
1343,PRJM
1343,BD
1343,STRA
4153,MGMT
4153,MNFC
1359,HR
1359,ACCT
769,ACCT
769,FIN
1099,OTHR
821,SALE
821,BD
880,IT
751,SALE
751,BD
751,CUST
4172,ENG
4172,IT
1022,ACCT
1022,ANLS
1022,FIN
4236,FIN
4236,RSCH
722,MGMT
722,MNFC
4180,HCPR
4241,EDU
4241,TRNG
808,IT
4281,ACCT
1363,LGL
1328,PRJM
1328,IT
4145,SALE
4145,BD
4178,FIN
4178,SALE
4178,BD
4392,ACCT
4392,FIN
4360,FIN
4360,SALE
899,EDU
899,TRNG
1094,IT
4417,ENG
4417,IT
4179,OTHR
4179,IT
4179,MGMT
1084,SALE
1084,BD
1331,ACCT
1331,FIN
1331,ANLS
4420,OTHR
753,HCPR
4414,FIN
4414,GENB
4414,MRKT
4292,LGL
1349,ENG
4229,HCPR
749,OTHR
749,SCI
765,MGMT
765,MNFC
4164,HCPR
1207,MRKT
4425,HCPR
4249,PRJM
4334,ADM
968,EDU
968,TRNG
770,HCPR
824,ADM
824,GENB
4495,ENG
4495,IT
4423,MGMT
4423,MNFC
973,ENG
816,MGMT
816,PRDM
816,ENG
841,FIN
841,ACCT
1236,PRJM
1224,IT
1095,BD
1095,PRJM
1086,MRKT
1365,SALE
1365,DIST
1365,FIN
380,ENG
380,IT
4410,SALE
4410,MGMT
4402,ENG
4402,IT
891,FIN
891,ACCT
815,IT
4319,SALE
4319,BD
162,SALE
162,BD
4376,HCPR
752,LGL
4369,ENG
4369,IT
820,SUPL
820,MNFC
820,ENG
4262,SALE
978,MGMT
978,MNFC
4278,FIN
1028,MGMT
1028,TRNG
1028,OTHR
4219,CNSL
4219,LGL
4294,RSCH
4294,ANLS
4294,IT
4245,ADM
970,HCPR
1097,ACCT
1097,FIN
4550,ENG
4234,OTHR
1374,FIN
1017,QA
1353,HCPR
772,ENG
772,MNFC
772,PROD
4264,IT
4499,PRDM
4499,MRKT
885,MNFC
1112,PRJM
1112,IT
836,QA
836,MNFC
723,SALE
723,BD
740,ACCT
740,FIN
1344,CUST
1344,MGMT
1344,BD
4498,OTHR
1248,PRDM
1248,IT
4149,SALE
4149,BD
837,STRA
837,PRJM
837,BD
900,ADM
900,FIN
4377,HCPR
1011,OTHR
1338,IT
1031,FIN
1031,GENB
1031,CUST
4358,ENG
4358,IT
1372,ENG
1211,SALE
1211,FIN
1211,BD
762,PRJM
762,MGMT
762,ENG
1364,HCPR
4501,IT
4564,OTHR
1087,FIN
745,MGMT
745,MNFC
956,LGL
1116,OTHR
800,SALE
800,BD
4555,ART
4515,OTHR
871,ACCT
871,FIN
1368,SALE
1368,BD
835,RSCH
835,ANLS
835,IT
1021,MGMT
1021,MNFC
4381,MGMT
4381,MNFC
4280,MGMT
4534,OTHR
4534,PROD
4235,MGMT
4235,MNFC
981,QA
981,ENG
962,DSGN
4603,ACCT
4603,FIN
4565,OTHR
995,SALE
995,BD
4416,HCPR
4409,FIN
1380,ADM
1380,GENB
1380,HR
1092,OTHR
782,SALE
776,ADM
702,IT
786,MRKT
4299,HR
4430,PRJM
587,BD
587,SALE
1235,HR
1235,CNSL
1235,CUST
4290,ADM
886,ENG
886,IT
1065,IT
895,LGL
4228,BD
4228,MRKT
4228,PRDM
809,MGMT
4422,ADM
4422,OTHR
4467,ENG
4467,RSCH
4484,FIN
4484,SALE
4160,HCPR
1081,SALE
1081,BD
4486,IT
4324,OTHR
910,RSCH
910,ANLS
910,IT
1041,IT
1549,IT
1549,ENG
1357,ENG
1357,IT
4539,OTHR
446,PRJM
446,IT
738,PRJM
4167,HCPR
1260,FIN
1108,SALE
1108,BD
977,OTHR
1350,ADM
4265,MGMT
4265,MNFC
999,PR
999,STRA
999,MRKT
1388,ENG
1388,IT
1337,HCPR
4351,MRKT
4351,ADVR
792,SALE
792,BD
4626,STRA
4626,CUST
4626,ADM
4570,FIN
4570,SALE
4306,HCPR
4453,OTHR
4577,HCPR
1204,ENG
4296,HCPR
974,FIN
974,ANLS
972,MNFC
4320,BD
4320,SALE
4543,IT
4480,MRKT
4480,PR
4480,WRT
1340,ADM
1340,FIN
1340,MGMT
1131,CUST
844,SALE
844,BD
796,MGMT
796,MNFC
1216,FIN
4602,ENG
4602,IT
4429,RSCH
4429,ANLS
4429,IT
4505,HCPR
4455,SALE
4455,BD
4553,MGMT
4553,MNFC
4395,ADM
4343,MGMT
4343,SUPL
1026,DSGN
4269,SALE
4269,MRKT
4311,ACCT
4311,FIN
4536,ADM
767,PRJM
1457,ENG
1030,ENG
1030,IT
766,ENG
766,IT
4535,ACCT
4535,FIN
4387,OTHR
4533,SALE
4533,BD
486,EDU
486,TRNG
4367,ENG
4367,IT
4620,MRKT
4620,PR
4620,WRT
1767,LGL
4421,PROD
4421,MNFC
1088,ACCT
1223,PRCH
1223,SUPL
4605,SCI
4605,RSCH
4518,MGMT
4518,MNFC
1264,IT
1264,ENG
4261,MGMT
4598,MGMT
4598,MNFC
4380,FIN
4380,SALE
759,LGL
4492,MGMT
4492,MNFC
1326,RSCH
1326,ANLS
1326,IT
4388,OTHR
4615,ENG
4615,IT
846,SALE
846,MGMT
958,FIN
958,STRA
1213,FIN
1213,SALE
1047,MNFC
1047,MGMT
1452,ENG
1452,IT
845,HCPR
4548,PRDM
4548,MRKT
4617,ENG
4617,IT
4707,EDU
4707,TRNG
1249,ADM
4638,IT
4623,HCPR
924,FIN
924,SALE
779,EDU
779,TRNG
4454,IT
1662,MRKT
1661,ADM
1394,WRT
1394,MRKT
1394,ANLS
4487,MGMT
4487,MNFC
1036,EDU
1036,TRNG
963,SALE
963,BD
1542,BD
1542,SALE
4371,SALE
4371,BD
1221,MGMT
1221,MNFC
921,CUST
921,DIST
921,QA
848,SALE
848,BD
848,FIN
4273,ENG
4273,IT
4593,ENG
4593,IT
1286,IT
1286,FIN
1286,PRDM
1203,LGL
690,SALE
690,BD
1267,ENG
1267,IT
4541,CNSL
4541,IT
4541,SALE
1225,HR
1225,IT
1225,CNSL
1387,ACCT
1387,FIN
773,OTHR
4517,LGL
1258,MNFC
4200,OTHR
1552,SALE
1552,BD
4303,ENG
4303,IT
4509,PRJM
4509,IT
909,HCPR
4803,MGMT
4803,CUST
4803,PROD
4589,FIN
4589,SALE
4663,HCPR
4713,HCPR
4147,FIN
4147,SALE
4147,BD
4340,MGMT
4340,MNFC
4532,IT
4606,HCPR
830,MGMT
830,MNFC
1545,HR
1472,PRJM
1472,MGMT
1230,IT
4491,OTHR
4691,HCPR
1061,ENG
1061,IT
4471,IT
1658,ACCT
1658,CUST
1658,FIN
966,EDU
966,TRNG
4523,MNFC
4554,HCPR
1137,CUST
1137,ADM
913,EDU
913,TRNG
1574,ADM
1239,FIN
1239,SALE
4329,ENG
4329,IT
959,HR
1763,EDU
1763,TRNG
887,ANLS
887,IT
887,CUST
4286,ENG
4286,IT
1659,ENG
1659,DSGN
1659,PROD
4842,CUST
4527,HCPR
1362,IT
839,RSCH
839,SCI
4233,HR
4393,ENG
4393,IT
4661,OTHR
4524,MGMT
4524,MNFC
1040,ENG
4689,MGMT
4689,MNFC
1127,IT
4373,CUST
1103,MGMT
1103,MNFC
1118,HCPR
1101,MRKT
1101,PR
1101,WRT
1376,DSGN
1376,ART
1376,IT
4400,PRJM
4400,IT
454,HCPR
4397,PRJM
4465,MGMT
4465,MNFC
4560,MGMT
4560,MNFC
4507,MGMT
4507,MNFC
1670,MGMT
1670,MNFC
1923,ANLS
4497,ENG
4497,IT
4641,ACCT
4641,FIN
4331,FIN
4331,SALE
984,SALE
984,BD
1379,PRJM
1379,MGMT
1379,DSGN
834,DSGN
4379,FIN
4379,SALE
1297,ACCT
1297,FIN
4382,MRKT
4382,PR
4382,WRT
4208,PRJM
313,ADM
4368,MGMT
4368,MNFC
1384,SALE
1384,BD
689,SALE
689,MGMT
4456,ENG
4456,IT
4451,MGMT
4451,MNFC
1166,ENG
1282,SALE
1282,BD
4528,ENG
4528,IT
4644,ENG
4644,IT
1367,SALE
1367,BD
4150,HCPR
1155,IT
1155,OTHR
1155,ENG
1765,ENG
1765,IT
4708,MGMT
4708,MNFC
4186,PRJM
4186,IT
1570,MGMT
4545,MGMT
4545,MNFC
4466,ENG
4466,IT
1255,ADM
4227,HCPR
1220,RSCH
1220,SCI
4668,ANLS
4389,OTHR
4168,OTHR
4211,ACCT
4211,ANLS
4211,GENB
6,HCPR
4599,MGMT
4599,MNFC
4142,RSCH
4142,ANLS
4142,IT
1147,MRKT
1147,SALE
4748,DSGN
4748,ART
4748,IT
4773,PRJM
4773,MGMT
4773,IT
1772,IT
1771,IT
865,IT
1133,MGMT
1133,MNFC
1553,HCPR
4699,FIN
4699,ACCT
969,ENG
969,IT
1456,OTHR
4283,FIN
4283,SALE
1232,HCPR
946,MGMT
698,HR
1561,IT
1762,ENG
1044,ANLS
1044,PRJM
1044,STRA
1234,PRJM
1234,MGMT
1234,DSGN
1483,ADM
1667,SALE
1667,BD
1132,ENG
4285,ENG
4285,IT
4522,HCPR
1206,IT
4630,PRJM
1782,SALE
1782,BD
4481,ENG
4481,IT
763,OTHR
4391,OTHR
4695,BD
4695,IT
4695,MGMT
4677,RSCH
4677,ANLS
4677,IT
4530,IT
1478,IT
1504,SALE
1504,MGMT
1398,SALE
1398,BD
4434,OTHR
1405,HR
1265,BD
1265,SALE
1265,MRKT
1403,SALE
1788,MGMT
4364,ENG
4364,IT
4390,OTHR
1688,MGMT
1688,MNFC
1098,DSGN
1098,ART
1098,IT
1413,IT
4244,ACCT
4244,GENB
4244,STRA
4846,HCPR
1165,SALE
1165,BD
1578,ENG
1053,MGMT
1053,MNFC
4594,MGMT
4594,MNFC
4642,HCPR
4216,ANLS
4216,ADM
4473,LGL
4843,OTHR
1130,MGMT
1130,MNFC
1319,HR
4715,MRKT
4715,PR
4715,WRT
4800,IT
4628,OTHR
1770,MNFC
4723,HCPR
314,ADM
4776,HCPR
4655,MGMT
4655,MNFC
754,PRCH
754,SUPL
1373,GENB
1373,BD
1377,ADM
1377,LGL
1676,IT
1676,ADM
915,SALE
1585,ENG
1585,IT
4815,ACCT
4232,MGMT
4232,MNFC
1275,IT
1275,ENG
1275,ANLS
4726,HCPR
4647,IT
4653,SALE
4653,BD
1259,EDU
1259,SALE
1259,CUST
4591,OTHR
4325,GENB
4325,MGMT
4646,RSCH
4646,SCI
1313,ENG
1313,IT
4584,MGMT
4584,MNFC
4563,ENG
4563,IT
967,EDU
967,TRNG
4338,ADM
4338,PR
4338,STRA
1764,IT
320,ADM
4697,FIN
4697,SALE
1093,HR
1705,HCPR
1588,FIN
1588,SALE
864,MGMT
864,MNFC
843,OTHR
1492,MGMT
1492,MNFC
4432,ENG
4432,IT
2146,OTHR
1277,ENG
1164,LGL
991,IT
4385,GENB
4385,IT
4385,TRNG
4806,ADM
4806,CUST
4752,HCPR
1406,ACCT
1406,FIN
4217,IT
4426,ENG
4426,IT
1414,IT
857,IT
1317,HR
1138,HCPR
1138,CUST
831,EDU
1798,FIN
1798,SALE
4592,GENB
4592,ADM
4592,CUST
1786,ADM
1786,CUST
1786,PRJM
1823,ENG
1823,IT
1823,MNFC
4383,ADM
1679,SALE
1679,BD
1438,PRJM
1438,CNSL
1438,STRA
1437,SALE
1437,BD
1522,PRJM
1522,ENG
1325,MRKT
1325,PR
1325,WRT
1244,MGMT
1244,LGL
2041,LGL
2041,PR
2041,OTHR
4335,MGMT
4335,MNFC
4817,SALE
4817,BD
4817,CNSL
4733,ENG
4733,IT
1285,QA
4761,MGMT
4761,MNFC
1175,HCPR
4781,PRCH
4781,SUPL
389,SALE
389,BD
1168,IT
784,SALE
784,BD
784,FIN
4161,MGMT
4161,MNFC
4731,HCPR
4307,HCPR
4154,HCPR
1159,MRKT
4686,ACCT
4686,FIN
1687,OTHR
4725,PRJM
4725,IT
4552,IT
4483,ENG
4483,IT
1592,HCPR
4566,OTHR
855,ADVR
1229,OTHR
682,RSCH
682,ANLS
682,IT
4665,OTHR
4458,SCI
4458,RSCH
1700,ANLS
1291,ENG
1291,IT
1273,CUST
1273,FIN
1273,OTHR
1932,HCPR
4763,OTHR
4763,IT
4763,MGMT
4583,OTHR
1805,HCPR
1951,ENG
1951,IT
1543,IT
4428,OTHR
1037,HCPR
76,MGMT
76,MNFC
1315,HCPR
2156,ENG
1151,SALE
1151,BD
360,OTHR
842,MGMT
842,MNFC
4575,MRKT
4575,SALE
1043,MGMT
1043,MNFC
1241,SALE
1241,BD
1241,FIN
1832,RSCH
1832,WRT
4797,EDU
4797,TRNG
706,IT
1541,MRKT
1541,PRDM
1691,MGMT
1691,MNFC
4573,IT
1284,RSCH
1284,ANLS
1284,IT
1769,ADM
1606,IT
1153,MGMT
1153,MNFC
4604,SALE
4604,MGMT
4698,DSGN
4698,ART
1683,LGL
1254,IT
1268,OTHR
1442,FIN
1442,SALE
1953,ANLS
1463,ENG
1463,IT
1303,HCPR
1390,IT
2101,ADVR
1287,MGMT
1287,MNFC
4712,DSGN
4712,ART
4712,IT
1961,LGL
4608,HCPR
1789,MGMT
4610,SALE
4610,BD
983,ACCT
1385,DSGN
1385,IT
1385,ENG
4291,MGMT
4291,MNFC
4443,MRKT
4443,SALE
4349,ENG
4349,IT
1475,ENG
4829,ENG
4829,IT
1600,MGMT
1600,MNFC
4493,PRCH
4493,SUPL
1925,MGMT
1925,MNFC
4243,PRJM
4243,IT
4478,ACCT
4478,FIN
1612,IT
1129,HCPR
4721,ENG
4721,IT
4313,IT
1386,QA
1768,MGMT
1768,MNFC
1143,SALE
1143,BD
4739,RSCH
4739,ANLS
4739,IT
4549,SALE
4549,BD
1146,SALE
1146,BD
1865,IT
760,HCPR
1029,DSGN
1029,ART
1029,IT
1804,HCPR
4722,HCPR
4832,ENG
4832,IT
903,IT
4506,MGMT
4506,MNFC
4819,HCPR
4558,HCPR
1912,MGMT
1912,MNFC
990,ENG
990,IT
1779,SALE
1779,BD
774,MGMT
774,MNFC
1806,HCPR
1557,IT
1682,SALE
1682,BD
4238,HCPR
1411,MGMT
1411,MNFC
4635,IT
1459,ENG
1701,HCPR
829,CUST
829,MRKT
4679,HCPR
1453,QA
1599,MGMT
1599,MNFC
1656,PRJM
1569,ADM
1898,ADM
4693,MRKT
4693,SALE
4460,PRJM
1954,DSGN
1954,IT
4680,HCPR
1579,SCI
1579,RSCH
4619,IT
4639,LGL
4569,QA
1003,ENG
1003,IT
1003,MNFC
4821,HCPR
1829,IT
4825,MGMT
4825,MNFC
1548,PRJM
1548,IT
1972,LGL
2034,MNFC
4270,ADM
1001,IT
4485,FIN
4485,SALE
1299,HCPR
1501,SALE
1501,BD
992,OTHR
1834,ENG
1120,WRT
2150,ENG
2150,IT
1906,RSCH
1906,ENG
2218,HCPR
4293,OTHR
2103,ANLS
4788,DSGN
4788,ART
4788,IT
2261,SALE
2261,BD
2100,IT
1868,SALE
2189,FIN
4596,MGMT
4596,MNFC
4442,ENG
4442,IT
2007,CNSL
2007,SALE
2007,BD
4735,HCPR
4804,HCPR
4634,HR
1589,HCPR
2022,PRJM
2022,IT
1295,PRCH
1295,SUPL
1479,IT
1564,SALE
1564,BD
851,ENG
1171,HCPR
979,IT
979,ADM
979,DSGN
2200,MNFC
4447,HCPR
4375,PROD
4375,MNFC
4433,ACCT
4433,FIN
1560,DSGN
1560,FIN
1560,PRJM
1512,ADM
1015,EDU
1015,TRNG
1877,HCPR
1877,OTHR
4654,PRJM
4654,MRKT
4654,PRDM
4327,ENG
4327,IT
4783,HCPR
1119,IT
2036,SALE
2179,IT
1502,ACCT
1502,MGMT
1818,IT
1621,SALE
1621,MGMT
1635,MGMT
1635,MNFC
1698,LGL
1623,ENG
1623,MNFC
1182,ENG
1182,IT
825,EDU
825,TRNG
4581,DSGN
4581,ART
4581,IT
1942,SALE
1942,BD
4822,SALE
4822,BD
4779,HCPR
847,OTHR
4762,HCPR
4812,HCPR
1867,BD
1867,SALE
1729,WRT
1729,ADM
1404,MGMT
1305,HCPR
1960,IT
359,ENG
359,IT
1677,PRCH
1677,MGMT
1677,STRA
1984,QA
4521,ENG
4521,IT
897,RSCH
2032,ENG
2032,IT
2058,OTHR
4791,PRJM
4791,ART
4791,DSGN
1737,OTHR
4744,HCPR
1969,HCPR
2192,ENG
1926,OTHR
2048,FIN
2048,SALE
1245,ADM
1614,MGMT
1614,MNFC
4287,MGMT
4287,MNFC
778,CUST
778,CNSL
778,SALE
1550,HCPR
4793,ENG
4793,IT
4595,ENG
4595,IT
826,HCPR
4622,HCPR
2129,HCPR
1400,OTHR
1148,SALE
1148,BD
4728,HCPR
1294,ACCT
1294,FIN
1292,SALE
1292,BD
1237,PRDM
1237,MRKT
4204,HCPR
4845,RSCH
4845,ANLS
4845,IT
1582,ENG
28,MGMT
28,MNFC
1814,ACCT
2004,QA
4267,MGMT
4267,MNFC
4650,OTHR
1990,MGMT
1990,MNFC
2245,PRJM
2245,IT
2090,EDU
2090,CUST
1776,MGMT
1776,MNFC
4767,SALE
4767,MGMT
1493,ENG
1493,IT
1283,ENG
1283,PRDM
1283,MRKT
1967,OTHR
2053,GENB
2053,MGMT
2053,BD
1586,FIN
1586,SALE
1586,STRA
2017,OTHR
917,MGMT
917,MNFC
1787,HCPR
4571,ENG
4571,IT
1866,HR
1866,ADM
1441,FIN
1441,SALE
4751,LGL
1251,PRDM
1128,SALE
1128,BD
1598,MGMT
1598,MNFC
683,PRDM
683,IT
2042,MGMT
2042,HCPR
4823,ENG
4823,IT
2059,MGMT
2059,MNFC
1263,ANLS
1263,IT
1263,RSCH
4780,HCPR
2112,ENG
2112,IT
4551,ENG
4551,IT
1766,SALE
1547,ENG
2295,OTHR
4798,FIN
4798,SALE
1930,HCPR
4436,MGMT
4436,MNFC
1886,SALE
1886,BD
1952,SALE
1952,MGMT
2384,SALE
2384,BD
1966,MGMT
1966,MNFC
1879,OTHR
1773,IT
4614,ACCT
4614,FIN
1718,IT
2061,PRJM
2061,IT
1184,OTHR
1941,RSCH
1941,ANLS
1941,IT
4666,BD
4666,SALE
1756,OTHR
1785,DSGN
1785,ART
1785,IT
1537,SALE
1537,BD
2217,MRKT
4782,OTHR
1322,OTHR
1539,ADVR
2412,ART
2412,DSGN
2412,MRKT
1838,RSCH
1838,ANLS
1838,IT
2079,ENG
2079,IT
781,SALE
781,MGMT
1473,ANLS
1985,DSGN
1985,ENG
1985,RSCH
4214,MGMT
4214,MNFC
1884,IT
2138,HR
2303,HR
2303,ADM
2120,ACCT
2120,FIN
1956,ACCT
1956,FIN
1916,IT
1494,ANLS
1494,BD
2009,MRKT
2009,GENB
2009,OTHR
2026,SALE
2026,BD
1439,ENG
1439,IT
1842,IT
1321,BD
1321,SALE
1874,MGMT
1874,OTHR
2230,IT
1033,FIN
1240,SALE
1240,BD
1240,FIN
1627,EDU
1627,TRNG
1627,BD
1797,ENG
1797,IT
4585,LGL
4256,HCPR
1893,MGMT
1893,MNFC
1318,FIN
1318,SALE
1318,ACCT
4419,HCPR
1528,HR
2287,IT
1045,PROD
1045,ADM
1045,OTHR
4760,MGMT
4760,MNFC
2371,ACCT
2371,FIN
2371,GENB
2326,ADM
2326,PRJM
4632,BD
4632,SALE
1149,SALE
1149,BD
1672,RSCH
1672,ANLS
1672,IT
4576,MGMT
4576,MNFC
1114,SALE
1114,BD
1114,FIN
4770,MGMT
4770,MNFC
4544,CNSL
4544,IT
4544,SALE
1515,HCPR
2410,ART
2410,DSGN
2410,IT
4475,OTHR
881,SALE
881,BD
4162,HCPR
812,ART
1481,OTHR
1389,ENG
1389,IT
2099,ACCT
2099,ADM
2099,FIN
1139,SUPL
1840,DSGN
1840,ART
1840,IT
4346,OTHR
1977,SALE
1977,BD
1883,HCPR
4759,SALE
4759,BD
2135,CNSL
1531,ADM
1744,RSCH
1744,ANLS
1744,IT
2239,BD
2239,SALE
1141,HCPR
1988,MRKT
1988,SALE
1644,BD
1644,SALE
1821,OTHR
1309,MGMT
1309,MNFC
1965,MGMT
1965,MNFC
2201,ADVR
4705,HCPR
1274,ANLS
1607,HR
2353,FIN
2353,SALE
4772,MGMT
4772,MNFC
2300,ACCT
2300,FIN
1816,MGMT
1816,MNFC
1717,ACCT
4656,HCPR
1664,ADM
1559,LGL
1653,IT
1601,SALE
1601,BD
2272,OTHR
2204,MRKT
2204,PR
2204,WRT
2244,MNFC
1629,MNFC
1629,PROD
1629,SCI
4310,DSGN
4716,DSGN
4716,ART
4716,IT
1395,MGMT
1395,MNFC
2063,OTHR
4662,IT
1746,MRKT
1654,IT
1777,PRJM
1777,BD
1777,IT
1392,SALE
1392,BD
976,PR
976,CUST
4398,MRKT
4398,SALE
1434,ANLS
2087,SALE
2087,BD
2268,SUPL
4636,FIN
4636,SALE
852,HCPR
4734,ENG
4734,IT
1197,ENG
1197,IT
4687,MGMT
4687,MNFC
4276,ENG
4276,IT
1020,IT
1020,ENG
2162,MGMT
2162,MNFC
1914,BD
1914,SALE
1728,BD
1728,SALE
1520,DSGN
1520,ART
1520,IT
1024,SALE
1024,BD
4673,HR
4673,MGMT
1057,MGMT
2076,ACCT
2076,FIN
4669,SALE
4669,BD
850,HCPR
2306,FIN
2306,ACCT
2306,CNSL
920,HCPR
1396,HR
1918,OTHR
1760,IT
1508,IT
1356,CNSL
4427,MGMT
4427,MNFC
1936,MGMT
1936,MNFC
777,BD
777,SALE
2315,MGMT
2315,MNFC
2262,DSGN
2262,ART
2262,IT
1316,ANLS
4404,HCPR
4742,ADM
4742,PRJM
2288,ACCT
2288,FIN
2286,SALE
2286,BD
1870,FIN
1870,SALE
4355,HCPR
4448,ENG
4448,IT
1288,OTHR
2574,IT
1169,QA
1813,ANLS
2336,ACCT
1850,LGL
2193,ENG
2441,BD
2441,SALE
4289,MGMT
4289,MNFC
4435,MGMT
4435,MNFC
1783,HCPR
1558,ANLS
1710,OTHR
4720,ENG
4720,IT
4796,LGL
4774,MRKT
4774,SALE
1847,SALE
1847,BD
2023,ENG
1382,HR
1382,ADM
2362,QA
1741,IT
1487,HCPR
1759,MGMT
1759,MNFC
1421,HCPR
2045,IT
4500,IT
4500,STRA
4500,PRDM
4778,OTHR
4418,ENG
4418,IT
1833,MGMT
1833,MNFC
2242,ENG
2242,IT
849,SALE
849,BD
849,FIN
2374,IT
1451,SALE
1451,BD
1242,ENG
1242,IT
2331,MGMT
2331,MNFC
1145,SALE
1145,BD
724,IT
4512,EDU
4512,TRNG
2223,ENG
2052,ENG
2052,IT
1428,MGMT
1428,MNFC
2354,ADM
2354,PRJM
2354,WRT
4777,HCPR
1674,ADM
1674,PRDM
4537,OTHR
1723,OTHR
1167,MGMT
1167,MNFC
1749,IT
1608,RSCH
1608,ANLS
1608,IT
4627,MNFC
828,HCPR
1498,FIN
1498,SALE
868,OTHR
4330,MGMT
4330,MNFC
1269,OTHR
534,HCPR
1308,OTHR
2337,PRJM
2337,IT
2309,SALE
2309,BD
2309,CNSL
4396,IT
1793,IT
1734,MGMT
1734,MNFC
1306,MGMT
1306,MNFC
2296,IT
4490,HCPR
1824,ANLS
74,OTHR
2085,ENG
2195,MGMT
2195,MNFC
432,FIN
432,SALE
4317,PRJM
4317,IT
4616,DSGN
4616,ART
4616,IT
1408,HR
2282,OTHR
1928,HCPR
2115,SCI
1110,IT
1856,MGMT
1856,MNFC
1279,OTHR
1904,SALE
1904,BD
1825,HCPR
2259,PRJM
2259,IT
888,HCPR
1423,MGMT
1423,MNFC
1934,HCPR
2256,ENG
2256,IT
1889,ACCT
1889,FIN
1802,ENG
1802,IT
1753,MGMT
1753,MNFC
1638,MRKT
1638,SALE
2385,HCPR
2011,HCPR
1888,ACCT
1888,FIN
923,ENG
1697,MGMT
1215,IT
1215,ANLS
4525,FIN
4525,SALE
2183,MGMT
2183,MNFC
1699,ADM
1699,CUST
1699,HR
4749,ENG
4749,IT
1304,HCPR
1177,HCPR
1962,SALE
1962,BD
2047,SALE
2047,MRKT
4568,PRDM
4568,MRKT
1694,HCPR
2347,IT
4394,MGMT
4394,MNFC
1628,PRJM
1628,IT
1843,ENG
1843,CNSL
1055,ENG
1055,IT
1678,MRKT
1678,PR
1678,WRT
2311,FIN
2311,STRA
2311,ACCT
4738,ACCT
4738,FIN
4738,ANLS
4300,IT
718,IT
1716,IT
2180,OTHR
1468,ENG
1468,MNFC
1140,IT
2215,IT
2215,ENG
1752,ENG
4802,PRJM
4802,IT
1643,OTHR
1921,SALE
1921,BD
2364,OTHR
1631,IT
1631,PRJM
4660,PRCH
4660,SUPL
985,ADM
985,CUST
985,OTHR
2222,ENG
2222,IT
680,HCPR
1562,MGMT
1562,MNFC
1257,ACCT
1257,FIN
902,ADM
1366,DSGN
1366,ART
1366,IT
1837,ADM
1703,HCPR
4520,ENG
4520,IT
4366,ENG
4366,IT
1056,HR
1671,ENG
1671,IT
4839,ADM
4839,ANLS
4839,PRJM
4333,OTHR
2185,MGMT
2185,MNFC
1488,HCPR
1809,HCPR
2451,FIN
2451,ACCT
1896,HCPR
2081,SALE
2081,BD
2081,MRKT
4702,HCPR
1846,MGMT
1846,MNFC
2077,DSGN
4504,PRJM
4504,IT
2219,MGMT
2219,MNFC
2395,PRCH
1828,ANLS
1828,RSCH
2028,SALE
2028,BD
4438,OTHR
4266,MGMT
4266,MNFC
2088,ADVR
2130,IT
4684,ACCT
2060,PRJM
2060,IT
2038,ENG
2038,IT
466,SALE
466,BD
2556,ACCT
2556,FIN
2556,OTHR
1426,OTHR
2144,MGMT
2144,MNFC
4741,PRJM
4741,MRKT
4741,PRDM
1642,HR
1525,MRKT
1525,SALE
2440,PRJM
2293,HR
1449,DSGN
1449,ART
1449,IT
1122,HCPR
2576,HR
1993,HCPR
453,ADM
1807,HCPR
4640,PR
4640,MGMT
4640,MRKT
2518,SALE
2518,BD
1591,HCPR
1841,HCPR
1801,MGMT
1801,MNFC
2415,OTHR
2415,IT
2415,MGMT
2305,OTHR
1401,HCPR
2304,FIN
987,ACCT
987,ANLS
2314,MRKT
2314,PR
2314,WRT
1757,IT
4710,PRJM
4710,MRKT
4710,PRDM
4808,IT
2213,ENG
2208,PRJM
1482,OTHR
2227,SALE
2227,BD
1393,MGMT
1002,MRKT
1002,STRA
1002,ART
4260,MGMT
4260,MNFC
2376,SALE
2376,BD
2376,CNSL
2340,IT
1864,PRJM
1864,IT
2255,ADVR
2030,SALE
2030,MGMT
4729,HCPR
735,ACCT
735,FIN
2206,MGMT
2206,MNFC
1051,OTHR
1745,SALE
1603,MGMT
1603,MNFC
4580,MGMT
4580,MNFC
1830,ANLS
1685,ENG
2069,ADM
2069,MGMT
2069,BD
4706,HCPR
2297,HCPR
2278,STRA
2278,MRKT
2278,SALE
1480,MGMT
1480,MNFC
1443,FIN
1443,SALE
4489,MGMT
4489,MNFC
1707,HCPR
4424,HCPR
2321,ACCT
2321,FIN
2375,SALE
2375,BD
4516,FIN
4516,SALE
2054,PROD
2054,MNFC
4743,MGMT
4743,MNFC
4841,ADM
4841,CUST
1351,ENG
1351,IT
1162,MGMT
4257,ADM
4258,PRDM
4258,MRKT
1994,IT
4445,SALE
4445,BD
4439,OTHR
4848,HCPR
4795,PRJM
4795,IT
2029,SALE
2029,MGMT
1183,ENG
1183,IT
2290,FIN
2290,ACCT
1597,HCPR
4511,MGMT
4511,MNFC
2426,ENG
2426,IT
1648,MRKT
1648,SALE
2330,OTHR
4342,MGMT
4342,MNFC
1301,HCPR
2323,OTHR
2065,ACCT
4572,MGMT
4572,MNFC
1469,IT
1593,HCPR
2187,ENG
2187,IT
2050,WRT
2050,MRKT
1415,ADM
1924,MGMT
2583,LGL
1577,MNFC
1121,HCPR
2094,SALE
2094,BD
2151,ACCT
4449,IT
2175,OTHR
1298,HCPR
761,LGL
4556,SALE
4556,BD
4645,MGMT
4645,MNFC
1170,IT
1170,PRJM
1039,FIN
1039,SALE
2517,HCPR
1929,MGMT
1929,MNFC
2027,QA
4275,ENG
4275,IT
1857,PRJM
1857,ENG
2177,LGL
1117,ACCT
4786,OTHR
2033,HCPR
4787,HR
1080,SALE
1080,BD
403,SALE
403,MGMT
1862,CUST
1862,SALE
1862,BD
1995,MGMT
1995,MNFC
2308,PRJM
2308,PROD
1360,ADM
1609,OTHR
2396,MNFC
2396,SUPL
2396,STRA
1568,PRJM
1568,IT
1163,OTHR
1726,RSCH
1726,ANLS
1726,IT
4482,MGMT
4482,MNFC
4295,ADM
1293,IT
2313,MGMT
2313,MNFC
905,MGMT
905,MNFC
1812,OTHR
4659,IT
2265,SALE
2265,BD
2037,ENG
2037,IT
1963,MGMT
1963,MNFC
1755,ADM
1992,HCPR
1796,SALE
1796,BD
1513,MGMT
1513,MNFC
2196,ENG
4740,OTHR
2349,LGL
1634,MGMT
1634,MNFC
1280,ANLS
1462,OTHR
4746,OTHR
1633,STRA
1633,WRT
1754,IT
4692,HCPR
2225,ENG
1271,SALE
1271,BD
1178,HCPR
2040,MGMT
2040,MNFC
4246,IT
4246,ENG
4246,CNSL
948,HR
2141,ACCT
989,ADM
1046,RSCH
1046,ANLS
1046,IT
4657,PRJM
4657,IT
4586,ADM
4586,CUST
756,ANLS
2098,IT
4651,HCPR
755,HR
2016,SALE
2016,BD
1976,HCPR
1632,CNSL
1632,ENG
2342,IT
2342,QA
2171,SALE
2171,BD
2553,OTHR
2553,ENG
2056,HCPR
1894,SALE
1617,ENG
1617,IT
2609,LGL
1991,IT
1909,OTHR
2158,SALE
2190,MGMT
2190,MNFC
1964,MGMT
1964,MNFC
4288,ENG
4288,IT
4479,MGMT
4479,MNFC
1555,MGMT
1555,MNFC
1535,ANLS
4625,IT
4785,HCPR
1882,PRJM
1882,ENG
856,OTHR
2325,ENG
2325,IT
4332,HCPR
2186,PRJM
2186,DSGN
2186,ENG
2332,QA
1185,SALE
1185,BD
4756,PRDM
1517,LGL
2086,IT
1922,IT
1917,IT
1875,SALE
1875,BD
2605,ANLS
1945,ENG
1945,MNFC
1320,MNFC
1320,ENG
2095,SALE
2095,MGMT
2482,DSGN
2402,PRJM
1270,SALE
1270,BD
2139,HR
1466,CUST
1704,HCPR
1052,IT
4648,MGMT
4648,MNFC
860,ENG
860,IT
2527,HCPR
1613,ANLS
1250,ANLS
1968,MGMT
1968,MNFC
2269,MNFC
1849,IT
2317,IT
2317,ENG
2317,ART
2057,HCPR
2133,OTHR
1622,HCPR
4718,FIN
4718,SALE
1509,MNFC
1509,MGMT
2178,SALE
2178,BD
2363,MGMT
2363,MNFC
1939,OTHR
1748,QA
4730,MGMT
4730,MNFC
2409,IT
2409,ENG
1489,SALE
1489,BD
1878,MGMT
1878,MNFC
2452,ACCT
2452,FIN
1172,MGMT
2125,MGMT
2125,MNFC
1869,SALE
1296,CNSL
1296,IT
1296,SALE
4318,FIN
4318,SALE
2405,RSCH
2405,ANLS
2405,IT
4209,HCPR
2443,MGMT
2443,MNFC
1161,SCI
1161,RSCH
2066,ACCT
4701,OTHR
2388,ACCT
2388,ADM
2388,FIN
4727,OTHR
1511,HCPR
1511,IT
1511,MGMT
4578,MGMT
4578,MNFC
4685,HCPR
4724,HCPR
4268,QA
2168,PRDM
2168,MRKT
4849,HCPR
4816,EDU
4816,TRNG
2226,ADVR
2107,RSCH
2107,SCI
2107,ENG
1246,HCPR
1580,MGMT
1580,MNFC
1901,SALE
1901,BD
2392,ACCT
2392,FIN
2292,SALE
2292,BD
2292,CNSL
2515,OTHR
1556,ANLS
2131,ACCT
2131,FIN
1446,IT
2064,MNFC
2406,ANLS
2406,IT
2406,PRJM
1974,LGL
2019,ANLS
1596,HCPR
4747,DSGN
4747,ART
4747,IT
431,HCPR
2142,HCPR
2447,PRJM
2447,OTHR
2447,ENG
425,SALE
425,BD
1476,SALE
1476,BD
1007,BD
1007,SALE
1940,QA
2285,ANLS
2285,DSGN
2285,STRA
916,MGMT
1059,HR
2558,ADM
2558,OTHR
1075,DSGN
1075,CNSL
2403,MGMT
1675,HCPR
1998,SALE
1998,BD
1740,ENG
1740,MNFC
2173,ENG
2173,OTHR
2173,DSGN
2191,MGMT
2191,GENB
2191,PROD
4328,IT
1696,IT
2479,BD
2479,SALE
4326,MNFC
4326,PROD
1218,HCPR
2414,CNSL
2414,DSGN
2414,IT
2335,FIN
2335,ACCT
1464,CNSL
1464,MGMT
1464,STRA
1943,IT
1470,MGMT
1470,MNFC
1738,SCI
1738,RSCH
495,MGMT
495,ENG
840,PRJM
840,IT
1695,MGMT
1695,MNFC
1447,BD
1447,SALE
1526,SALE
1526,BD
2252,HCPR
2164,ADM
2091,TRNG
1931,HCPR
1111,MNFC
1111,MGMT
1496,ENG
1496,MNFC
2111,LGL
4675,ADM
912,EDU
912,TRNG
2519,LGL
2310,SALE
2310,CNSL
2310,BD
1747,SALE
1747,BD
1416,SALE
1416,BD
1247,SALE
1247,BD
1247,MGMT
4254,MGMT
4254,MNFC
4820,MGMT
4820,MNFC
2324,IT
1465,SALE
1465,BD
1532,HR
1455,QA
2121,HCPR
2486,BD
2486,SALE
2109,RSCH
2109,ANLS
2109,IT
2153,ACCT
2153,FIN
2312,IT
2312,PRJM
1378,MGMT
1378,MNFC
2270,ACCT
2584,MRKT
2140,ENG
2140,IT
2393,FIN
2393,SALE
2393,ACCT
4700,ADM
2172,ADM
2172,CUST
2172,HR
1636,PROD
1636,SUPL
1636,MNFC
1276,CNSL
1276,PRJM
1276,SUPL
4477,OTHR
2368,MGMT
2368,MNFC
4736,STRA
4736,IT
2334,ACCT
2334,FIN
955,ENG
955,IT
2136,ADVR
2212,IT
4531,HCPR
2113,MGMT
2113,MNFC
1506,IT
1506,ENG
4601,HCPR
2554,HR
1981,IT
1981,ENG
1981,PRJM
4195,HCPR
1602,PRJM
1602,IT
2210,ADVR
2551,MGMT
2551,MNFC
2074,ENG
2074,IT
1070,OTHR
2279,HCPR
2279,CUST
2279,QA
1736,QA
1736,PRDM
1736,ENG
1519,ADM
2641,ACCT
2641,FIN
2254,FIN
2254,ACCT
2521,MRKT
2521,PRDM
2521,ART
4542,ENG
4542,IT
2118,IT
2420,ENG
2420,IT
1025,WRT
1025,FIN
2522,BD
1810,MGMT
1810,MNFC
4694,MGMT
4694,MNFC
1050,MGMT
1050,MNFC
1432,IT
1375,SALE
1375,BD
4658,HR
4658,OTHR
2389,CUST
2389,GENB
2389,ADM
2582,PRDM
2582,MRKT
986,HCPR
780,SALE
780,BD
4253,ENG
4253,IT
2000,SALE
2000,BD
1872,PRJM
1872,PROD
1872,IT
2346,HCPR
1019,MRKT
1019,SALE
1950,FIN
1950,SALE
1500,FIN
1500,ANLS
1500,ACCT
1758,SALE
1758,BD
2358,SALE
2358,BD
2387,IT
2387,ENG
2280,HCPR
982,SALE
982,BD
982,MGMT
4561,ACCT
4561,FIN
4771,IT
1113,SALE
1113,BD
1113,FIN
1136,STRA
1136,ADM
1684,ACCT
1684,FIN
879,HCPR
1792,IT
2356,ACCT
2356,FIN
2356,CNSL
4336,MGMT
4336,MNFC
2397,IT
2484,LGL
2082,OTHR
2174,RSCH
1516,ENG
1516,IT
2249,MRKT
2233,RSCH
2233,SCI
2524,HCPR
2525,ACCT
4361,HCPR
1660,STRA
1660,IT
1660,PRDM
4790,HCPR
2489,MGMT
2489,MNFC
2302,ACCT
2466,SALE
2466,BD
1445,HR
1445,MGMT
1445,TRNG
1983,RSCH
1983,ANLS
1983,IT
2585,BD
2585,SALE
2149,SALE
2149,MGMT
4221,SALE
4221,BD
4799,HR
4799,TRNG
4799,EDU
2062,MGMT
2062,MNFC
4457,BD
4457,SALE
4833,MGMT
4833,MNFC
2281,HCPR
1587,IT
1371,ENG
1371,IT
1890,HCPR
1784,ENG
1775,ENG
1775,IT
1706,HCPR
2612,EDU
2612,TRNG
4557,HCPR
1102,SALE
1102,BD
1720,CUST
1720,ADM
4386,OTHR
4765,HCPR
2283,ADM
2161,MGMT
2161,MNFC
2241,ENG
2241,IT
2366,BD
2366,OTHR
2366,DSGN
1861,MRKT
4252,MGMT
4252,MNFC
4282,ACCT
4282,ANLS
4282,FIN
1935,ENG
1935,IT
1583,LGL
2408,ADM
2424,ACCT
2424,FIN
1774,SALE
1774,BD
896,FIN
896,SALE
1665,MGMT
1665,MNFC
1243,ACCT
1243,FIN
1711,IT
4830,ENG
4830,IT
1049,EDU
1049,TRNG
1361,LGL
2563,MGMT
2563,MNFC
1186,IT
1955,HCPR
889,IT
1490,MGMT
1490,MNFC
2274,MGMT
2274,MNFC
2474,OTHR
1873,SALE
1873,BD
1174,SALE
1174,BD
4613,HCPR
932,QA
2469,SALE
2469,BD
1839,PRJM
1780,ANLS
1948,FIN
1948,LGL
2123,SALE
2123,BD
4633,HCPR
2560,ENG
1089,MGMT
1089,MNFC
1625,IT
4711,QA
4836,ACCT
4836,FIN
4836,ANLS
2073,ANLS
2073,IT
2167,SALE
2167,BD
4794,IT
904,HCPR
4284,MGMT
4284,MNFC
2181,ACCT
1454,MGMT
1454,MNFC
4837,OTHR
1253,MGMT
1253,MNFC
4719,BD
1435,PRJM
1435,IT
1619,MGMT
1619,MNFC
2534,OTHR
2442,QA
1781,ACCT
1781,FIN
1781,CUST
2083,ANLS
4513,OTHR
1724,QA
2594,IT
1639,PRCH
1639,SUPL
1107,ENG
1107,IT
4514,OTHR
2566,ACCT
2566,FIN
4588,OTHR
2516,OTHR
2398,OTHR
4582,FIN
853,BD
853,CUST
1881,SALE
1881,BD
2258,OTHR
2391,SALE
2391,CNSL
2391,BD
2427,HCPR
2434,MGMT
2434,MNFC
2355,IT
2049,HCPR
1731,LGL
2271,ACCT
2197,MRKT
2197,SALE
911,MGMT
911,MNFC
2448,HR
2448,MNFC
2448,OTHR
627,ENG
627,MNFC
2567,SALE
2567,BD
1370,MGMT
1370,MNFC
1289,MGMT
783,SALE
783,BD
783,FIN
35,MRKT
35,SALE
2503,SALE
2503,BD
1156,MGMT
2329,OTHR
1618,CNSL
1618,PRJM
1618,ENG
2422,IT
4197,HCPR
2457,GENB
2457,MGMT
2457,BD
1529,IT
4807,SALE
4807,FIN
4807,PRDM
2003,OTHR
4347,ENG
1947,ANLS
1973,MGMT
1973,MNFC
4766,OTHR
4529,MGMT
4529,MNFC
2182,SALE
2182,BD
1975,IT
1689,PRJM
1689,IT
1689,PRCH
2070,ENG
1584,IT
2031,ACCT
2031,FIN
4672,ACCT
4672,ANLS
4672,FIN
2154,ADM
2154,PRJM
1647,BD
1647,SALE
2450,HR
2462,EDU
2462,TRNG
1571,ACCT
2102,LGL
2485,OTHR
1530,SALE
4835,IT
1106,SALE
1106,BD
1817,MGMT
1817,MNFC
1876,QA
2328,IT
2590,MRKT
2590,SALE
947,QA
2128,IT
4703,HCPR
2421,HCPR
1521,ENG
1521,MNFC
1521,PRJM
1652,OTHR
1652,CUST
1652,ENG
2343,OTHR
2198,QA
892,ENG
892,IT
4643,HCPR
1154,OTHR
2299,HCPR
2046,RSCH
2046,SCI
2046,ENG
2333,MRKT
2333,PR
2333,WRT
2170,SALE
2345,SALE
2345,BD
2401,PRJM
2401,ENG
2401,MNFC
298,OTHR
1261,ADM
2165,LGL
1899,MGMT
1899,MNFC
2542,OTHR
1594,HR
2246,MGMT
2246,MNFC
2116,SCI
2643,HCPR
711,MGMT
711,MNFC
4844,HCPR
4259,IT
4470,MGMT
4470,MNFC
2561,LGL
2626,ENG
2071,MGMT
2071,MNFC
2637,MGMT
2637,MNFC
2122,SALE
2122,BD
1407,MGMT
4508,MGMT
4508,MNFC
2456,QA
2456,ADM
2456,PRJM
4446,CNSL
4446,IT
4446,SALE
1996,EDU
1996,TRNG
1794,SALE
1794,BD
1709,HCPR
1989,IT
2461,SALE
2461,BD
1430,RSCH
1430,ANLS
1430,IT
1458,ANLS
4768,OTHR
2564,QA
1302,HCPR
1135,HR
939,ACCT
939,FIN
4769,HCPR
2108,IT
4758,LGL
1152,SALE
1152,BD
1160,PRJM
2137,ENG
2137,DSGN
2137,PRJM
2294,BD
2294,SALE
2291,LGL
2639,MGMT
2639,MNFC
1573,PRJM
1573,SCI
4437,OTHR
2231,MGMT
2231,MNFC
2533,MGMT
2533,MNFC
1567,FIN
1567,SALE
4450,ENG
4450,IT
2523,MRKT
2523,SALE
2578,HCPR
1851,PR
1851,MRKT
1851,WRT
1540,BD
1958,MNFC
2483,QA
1980,SALE
2569,ACCT
2569,FIN
1158,ANLS
1811,MGMT
1811,MNFC
1425,MGMT
1425,MNFC
2648,ENG
1123,RSCH
1123,ANLS
1123,STRA
4526,RSCH
4526,ANLS
4526,IT
1887,OTHR
1887,LGL
1657,ACCT
1657,FIN
1109,CNSL
1109,IT
1109,SALE
2623,ENG
2623,IT
4488,PRJM
2506,HCPR
2145,MGMT
2145,MNFC
2248,MGMT
2248,MNFC
4755,ACCT
4755,FIN
4755,ANLS
2610,CUST
1074,HCPR
2307,PRJM
4372,PROD
4372,MNFC
2289,ADM
1042,IT
1042,ACCT
2659,SALE
2659,BD
679,BD
679,SALE
2425,OTHR
2491,MGMT
2491,MNFC
1933,HCPR
2400,MGMT
2400,MNFC
1173,MGMT
1173,MNFC
2500,MGMT
2500,MNFC
2502,MGMT
2502,MNFC
997,PROD
1484,CUST
1484,FIN
4667,SALE
4667,BD
2184,MGMT
2184,MNFC
1310,HCPR
4682,HCPR
1551,ENG
1551,IT
4374,PROD
4374,MNFC
2096,MRKT
2096,SALE
2159,SALE
2159,BD
4305,ADM
4196,ADM
2250,EDU
2250,TRNG
1820,HR
1281,OTHR
2620,MGMT
2620,MNFC
2654,SALE
2654,BD
1227,CUST
1486,HCPR
2352,IT
2352,ENG
2352,CNSL
4696,HCPR
1104,QA
1104,ENG
1418,HCPR
1436,ENG
1436,MGMT
1436,MNFC
4611,PRJM
4611,MRKT
4611,PRDM
4674,IT
4717,MGMT
4717,MNFC
2472,SALE
2472,BD
4775,HCPR
2601,EDU
2601,TRNG
1266,MGMT
1266,MNFC
2507,SALE
2507,BD
4590,LGL
1307,MGMT
1307,MNFC
2607,IT
2624,MGMT
2624,MNFC
1126,MRKT
1126,SALE
4809,IT
4809,CNSL
1312,ADM
4431,HCPR
2559,DSGN
2559,ART
2559,IT
823,ENG
823,IT
1381,PRDM
1381,MRKT
1743,SALE
1743,BD
2514,OTHR
2199,IT
2224,ENG
2277,ENG
2277,IT
2836,MGMT
2836,SALE
2836,CUST
1399,SALE
1399,BD
1640,PROD
1640,SUPL
1640,MNFC
2619,OTHR
2495,MGMT
2495,MNFC
1735,MGMT
1735,MNFC
2539,FIN
2539,ACCT
1474,DSGN
1474,ART
1474,IT
2743,ACCT
2743,FIN
2630,MGMT
2630,MNFC
2803,PRJM
2803,RSCH
2803,SCI
2636,MGMT
2636,MNFC
1054,OTHR
2357,ADM
2357,PRJM
2357,CUST
2476,MGMT
2476,MNFC
1686,ENG
1686,IT
1431,ANLS
2480,MGMT
2480,MNFC
1938,ENG
1938,IT
2581,PRJM
2581,IT
4352,PRJM
4352,IT
4538,OTHR
2665,SALE
2665,BD
1238,SALE
1238,BD
4714,FIN
4714,SALE
980,IT
1461,HCPR
4612,ENG
4612,IT
2633,LGL
4547,GENB
4547,MGMT
4547,BD
1858,ACCT
1858,STRA
1858,FIN
1799,MGMT
1799,MNFC
1217,EDU
1217,TRNG
2606,IT
2839,IT
2642,MGMT
2642,MNFC
2471,MGMT
2471,FIN
2471,ACCT
827,SALE
695,RSCH
695,ANLS
695,IT
2067,HCPR
2264,MNFC
1252,CNSL
1252,MGMT
1252,STRA
832,FIN
832,ACCT
2260,ENG
2690,ENG
2690,IT
4838,OTHR
4631,LGL
2540,SALE
2540,BD
2780,MGMT
2780,MNFC
1911,IT
2526,ENG
1719,PRJM
2470,HCPR
2106,QA
2106,PRDM
2106,ENG
4519,MGMT
4519,MNFC
1125,CNSL
1125,IT
1125,SALE
2072,ANLS
2072,RSCH
2508,SALE
2508,BD
2678,HCPR
1533,ENG
1533,IT
1908,MGMT
1908,MNFC
4629,OTHR
4468,OTHR
1563,SALE
1563,BD
2652,HCPR
4587,HCPR
1863,MRKT
1863,SALE
2341,ACCT
2341,FIN
2243,SALE
2243,BD
4469,HCPR
2021,MRKT
2021,PR
2021,WRT
1836,HCPR
2464,HR
1970,HCPR
1997,HCPR
1272,PRDM
1272,MRKT
2492,MGMT
2492,MNFC
1527,ENG
1527,IT
4789,MGMT
4789,MNFC
2148,SALE
2148,MGMT
2664,OTHR
2043,MNFC
1058,MNFC
1058,ENG
2240,SALE
2240,BD
4441,OTHR
2216,ADVR
2433,MGMT
2433,MNFC
2658,HCPR
4579,MGMT
4579,MNFC
2013,PRDM
2013,MRKT
2631,SALE
2631,BD
2068,MGMT
2068,MNFC
1615,CNSL
1615,IT
1615,SALE
4831,MGMT
4831,MNFC
4813,MGMT
4813,MNFC
4624,HCPR
4444,ENG
4444,IT
2874,IT
2377,SALE
2377,CNSL
2377,BD
1915,ANLS
2530,MGMT
2530,MNFC
1605,DSGN
1605,ENG
1605,RSCH
1649,SALE
1649,BD
1649,MRKT
4811,HCPR
1845,SALE
1845,BD
1518,LGL
2705,ENG
2705,IT
2686,MRKT
2686,SALE
2696,ACCT
2696,FIN
2127,IT
2529,ENG
2529,IT
1078,SALE
1078,BD
2806,MGMT
2806,MNFC
2635,SALE
2635,MGMT
2535,HR
2962,ENG
2962,IT
933,MGMT
933,MNFC
4459,PRCH
4459,SUPL
4637,SALE
4637,BD
2348,ACCT
2348,FIN
1233,HCPR
2640,MGMT
2640,MNFC
2445,ENG
2445,IT
2445,DSGN
2720,OTHR
2220,IT
2373,ACCT
2593,ENG
2593,IT
2497,SALE
2497,BD
1733,ENG
1733,IT
2541,SALE
2541,BD
2114,LGL
1957,RSCH
4146,MRKT
4146,SALE
1311,MGMT
1311,MNFC
1646,PRDM
1646,MRKT
1485,HCPR
4609,EDU
4609,TRNG
2668,MGMT
2668,MNFC
4348,MGMT
4348,MNFC
1060,MRKT
1060,PRDM
1060,SALE
2235,MGMT
2235,MNFC
2632,OTHR
2644,LGL
2604,LGL
2846,IT
2749,HCPR
2774,HR
1444,ENG
1444,MNFC
1444,MGMT
4828,MGMT
4828,MNFC
1115,DSGN
1115,ART
1115,IT
1419,HCPR
1905,LGL
4810,HCPR
2531,FIN
2531,SALE
2455,QA
1919,ACCT
1919,FIN
2723,OTHR
2615,ACCT
2615,FIN
1853,ENG
1853,IT
2707,MGMT
2707,MNFC
1803,ENG
1803,IT
2458,MGMT
2458,MNFC
2169,ENG
2169,IT
2436,EDU
2436,TRNG
2888,HR
2717,MGMT
2717,MNFC
2689,MRKT
2689,SALE
1397,SALE
1397,BD
1666,PRJM
1666,IT
1429,FIN
2587,BD
1624,MGMT
1624,SALE
1624,STRA
1986,SALE
1986,BD
4440,OTHR
4378,FIN
4378,ACCT
1892,SALE
1892,BD
4502,HCPR
1278,HR
1422,ADM
2446,IT
1590,HCPR
1800,HCPR
1800,OTHR
2477,MGMT
2477,MNFC
2428,MGMT
2428,MNFC
2571,MGMT
2571,MNFC
2080,MRKT
2080,SALE
1300,HCPR
2273,ADVR
2753,HR
2883,IT
2799,HCPR
2676,SALE
2676,MGMT
2807,MGMT
2807,MNFC
1831,OTHR
2467,ENG
2467,IT
4757,ACCT
4757,FIN
1680,SALE
1680,BD
1673,PRDM
1673,PRJM
1673,MNFC
2367,OTHR
4840,HCPR
1715,FIN
1903,MGMT
1903,STRA
1903,CNSL
1712,HR
822,OTHR
2872,PRJM
2872,ENG
2872,GENB
988,ENG
988,IT
4510,LGL
2322,LGL
2736,ENG
2821,SALE
2821,BD
2702,MGMT
2702,MNFC
2889,ACCT
2889,FIN
4688,BD
4688,SALE
1134,MGMT
1134,MNFC
2671,DSGN
2671,WRT
2671,MRKT
2876,SALE
2876,BD
2966,ENG
2966,IT
1576,CUST
2501,ENG
2501,IT
2532,MGMT
2532,MNFC
2687,MGMT
2687,MNFC
1795,ACCT
1795,FIN
2813,SALE
2813,BD
1176,HCPR
2818,ENG
2818,IT
1844,MGMT
1844,MNFC
1626,LGL
2765,HCPR
2848,MGMT
2848,MNFC
114,ACCT
114,FIN
1410,MGMT
1410,MNFC
2834,SALE
2834,BD
2638,MGMT
2638,MNFC
2251,CUST
2703,SALE
2703,BD
2725,MGMT
2725,MNFC
1063,IT
2851,ACCT
2851,FIN
1391,MGMT
1391,MNFC
2854,HCPR
4255,MGMT
4255,MNFC
1507,IT
2339,MRKT
2339,SALE
2860,OTHR
2923,MGMT
2923,MNFC
2453,HCPR
2163,ENG
2163,IT
2922,MGMT
2922,MNFC
4818,ENG
2570,EDU
2570,TRNG
2084,PRJM
2084,IT
2739,HCPR
2627,IT
1751,ADM
2653,MGMT
2653,MNFC
4297,MGMT
4297,MNFC
2365,IT
2365,ENG
2794,PRCH
2794,SUPL
2647,HCPR
2772,OTHR
2700,HR
2044,LGL
1467,MGMT
2629,HCPR
2166,MGMT
2166,MNFC
2435,MNFC
2435,QA
2435,PROD
1730,ADM
2382,LGL
2463,OTHR
2543,IT
919,LGL
4704,HCPR
854,ENG
854,IT
4339,ENG
4339,IT
2869,SALE
2869,BD
2236,MGMT
2236,MNFC
2960,SALE
2960,BD
2682,SALE
2682,MGMT
2549,MGMT
2549,MNFC
2709,MGMT
2709,MNFC
806,HR
2891,HCPR
2238,SALE
2238,BD
2024,IT
2024,OTHR
2831,HCPR
1630,ANLS
1855,MGMT
1855,MNFC
1427,HCPR
3042,SALE
3042,BD
4681,EDU
4681,TRNG
2809,SALE
2809,BD
1690,MGMT
1690,MNFC
1742,ACCT
1742,FIN
4847,RSCH
4847,ANLS
4847,IT
2732,ACCT
2732,FIN
2789,IT
2155,OTHR
2075,IT
1959,MNFC
4203,GENB
4203,BD
4203,SALE
1610,ANLS
922,HCPR
2316,MGMT
2316,MNFC
2748,ACCT
2419,DSGN
2359,MGMT
2359,MNFC
2934,MGMT
2934,MNFC
1907,BD
1907,SALE
1750,MGMT
1750,MNFC
2360,CUST
2360,CNSL
2360,OTHR
2769,IT
2266,ENG
2266,IT
1978,HCPR
2267,MRKT
2944,MRKT
1979,ENG
1979,IT
2404,BD
2404,SALE
2877,MGMT
2877,MNFC
4792,HCPR
1595,HCPR
2747,FIN
2747,SALE
2747,CUST
2873,FIN
2873,ACCT
2873,GENB
2499,ADM
4814,ENG
4814,IT
2669,MGMT
2669,MNFC
2672,SALE
2672,BD
3056,MGMT
3056,MNFC
2862,MGMT
2862,MNFC
4476,OTHR
2801,MGMT
2801,MNFC
2857,MGMT
2741,MGMT
2741,MNFC
2603,HR
2938,EDU
2938,TRNG
4344,OTHR
3023,HCPR
1105,MRKT
1105,SALE
2493,MGMT
2493,MNFC
4345,OTHR
1409,MGMT
1409,MNFC
3071,MRKT
2956,ANLS
2956,IT
2956,ENG
3069,SALE
3069,BD
2861,MGMT
2861,MNFC
2505,PRCH
3053,SALE
3053,BD
4764,ENG
4764,DSGN
1902,SALE
1902,BD
2847,OTHR
4263,HCPR
2752,EDU
2752,TRNG
2841,ENG
2841,IT
4824,MGMT
4824,MNFC
2592,ENG
2592,IT
2856,HCPR
2496,MGMT
2496,MNFC
3015,SALE
3015,MGMT
2275,IT
1637,MGMT
1637,MNFC
3029,OTHR
2901,IT
2693,OTHR
2680,SALE
2680,BD
3021,IT
4574,LGL
4784,HCPR
2390,LGL
2812,MGMT
2812,MNFC
2431,MGMT
2431,MNFC
2929,HCPR
2008,PROD
2008,MNFC
2850,SALE
2850,BD
2793,QA
2586,BD
2586,SALE
3016,SALE
3016,BD
2897,OTHR
2015,HCPR
3078,MRKT
3078,SALE
4230,OTHR
4230,IT
4230,MGMT
3133,MRKT
3133,SALE
1885,OTHR
2899,BD
2899,SALE
3068,MGMT
3068,MNFC
2718,OTHR
1808,HCPR
4302,QA
3005,MGMT
3005,MNFC
2674,OTHR
2674,IT
2674,MGMT
2504,MRKT
2504,SALE
2512,PRCH
2512,SUPL
2733,QA
4494,IT
2704,OTHR
2704,IT
2704,MGMT
3098,MGMT
3098,MNFC
2202,OTHR
2730,QA
2724,OTHR
2820,IT
4546,ENG
4546,IT
2221,MGMT
2221,MNFC
3087,ACCT
3087,FIN
2940,MGMT
2940,MNFC
1778,OTHR
3052,SALE
3052,BD
3057,BD
3057,SALE
3132,MGMT
3132,MNFC
1027,SALE
1027,BD
4226,HCPR
2756,IT
3028,HCPR
1100,PRJM
1100,IT
2544,EDU
2544,TRNG
2805,ENG
2805,IT
3065,RSCH
3065,ANLS
3065,IT
3248,OTHR
1681,MGMT
1681,MNFC
2881,MGMT
2881,MNFC
3058,MGMT
3058,STRA
3058,CNSL
1725,MGMT
1725,MNFC
3086,OTHR
2972,OTHR
1048,HR
2460,MGMT
2460,MNFC
3112,ACCT
3112,FIN
3060,MGMT
3060,STRA
3060,CNSL
2660,EDU
2660,TRNG
2188,MGMT
2188,MNFC
2381,MGMT
2381,MNFC
2845,MGMT
2845,MNFC
1651,ACCT
2871,HCPR
4464,MGMT
4464,MNFC
2931,HCPR
2617,LGL
3109,IT
2430,MGMT
2430,MNFC
2773,OTHR
1546,SALE
1546,BD
2510,MGMT
2510,MNFC
2866,HCPR
2937,MGMT
2937,MNFC
3048,SALE
3048,BD
2194,IT
3034,SALE
3034,BD
2933,HCPR
3067,BD
3067,SALE
2025,DSGN
2025,ENG
3077,SALE
3077,BD
2961,MGMT
2961,MNFC
4690,PRJM
4690,IT
1895,CUST
2596,FIN
2828,ENG
2828,IT
2900,RSCH
2900,ANLS
2900,IT
2895,HCPR
2429,SALE
2429,BD
3103,HCPR
1982,DSGN
1982,ART
1982,IT
3033,ACCT
3033,FIN
3009,MGMT
3009,MNFC
4474,BD
4474,SALE
2811,ENG
2811,IT
2568,DIST
2568,SUPL
2105,SALE
2105,BD
3285,MRKT
3105,SALE
3105,BD
1460,ENG
1460,IT
2985,SALE
2985,BD
3014,OTHR
2951,MGMT
2951,MNFC
2992,OTHR
4370,MGMT
4370,MNFC
764,IT
2913,SALE
2913,BD
538,ENG
538,DSGN
2646,SALE
2646,BD
2802,SALE
2802,BD
2802,FIN
2666,MGMT
2666,MNFC
2684,HCPR
2104,MGMT
2104,MNFC
2439,OTHR
2952,SALE
2952,BD
3162,ENG
3162,IT
2928,FIN
2928,SALE
2989,ACCT
2989,FIN
2656,HCPR
3129,MGMT
3129,STRA
3129,CNSL
2488,MGMT
2488,MNFC
4671,SALE
4671,BD
2538,HCPR
3045,SCI
2759,IT
2677,SALE
2677,MGMT
2020,DSGN
2020,ART
2020,IT
1949,RSCH
1949,ANLS
1949,IT
2407,OTHR
3147,HCPR
3439,ENG
3439,IT
2657,ACCT
4826,IT
3326,MGMT
3326,MNFC
2591,HR
2754,MGMT
2754,MNFC
3011,ANLS
3011,LGL
3011,CUST
2958,SALE
2958,BD
4337,MGMT
4337,MNFC
3181,ADM
4472,MRKT
4472,PR
4472,WRT
2746,HR
2987,BD
2987,SALE
2909,HR
2910,SALE
2910,BD
3148,HCPR
3293,OTHR
3173,IT
1702,BD
1702,STRA
1702,MGMT
3114,OTHR
3111,OTHR
2110,IT
3421,OTHR
1228,ENG
4652,OTHR
3193,HCPR
2487,MGMT
2487,MNFC
918,SALE
918,BD
918,FIN
2536,OTHR
2858,ENG
2858,IT
1790,MGMT
2701,ENG
2701,IT
3380,HCPR
2781,MGMT
2781,MNFC
4621,SALE
4621,BD
2920,PRCH
2920,SUPL
2870,OTHR
1433,MRKT
1433,PR
1433,WRT
3266,MGMT
3266,MNFC
3436,HCPR
1920,QA
2998,SUPL
1150,SALE
1150,BD
3166,RSCH
3166,ANLS
3166,IT
3110,MGMT
3110,STRA
3110,CNSL
2595,ENG
2595,IT
2840,MGMT
2840,MNFC
3264,HCPR
2599,LGL
2207,FIN
2207,ACCT
2207,ADM
3281,RSCH
3281,ANLS
3281,IT
3205,IT
1739,MNFC
2728,SALE
2728,BD
3435,HCPR
3051,MGMT
3051,MNFC
1897,SALE
1897,BD
4618,MGMT
4618,MNFC
3118,PRJM
3118,IT
940,HR
4600,ENG
4600,IT
3265,MGMT
3265,MNFC
3342,HCPR
4224,ENG
4224,IT
3406,ENG
3406,IT
2771,OTHR
2655,RSCH
2655,ANLS
2655,IT
2378,OTHR
2378,IT
2378,MGMT
3426,MRKT
3426,SALE
3135,HCPR
2868,ACCT
2868,FIN
1944,ADM
4745,HCPR
3231,HCPR
1566,IT
3370,OTHR
3370,IT
3370,MGMT
787,DSGN
787,ART
787,MRKT
3140,RSCH
3140,ANLS
3140,IT
3262,HCPR
2203,MGMT
2203,MNFC
3355,HCPR
3156,HCPR
3188,HCPR
2338,MGMT
3040,OTHR
2867,SALE
2867,BD
2386,HCPR
2498,MRKT
1142,DSGN
1142,IT
3024,CUST
3024,SALE
3024,BD
2880,IT
2546,DSGN
2546,ART
2710,FIN
2710,SALE
3209,MGMT
3209,MNFC
2782,HCPR
1900,ENG
1900,IT
3378,SALE
3340,MGMT
3340,MNFC
2970,IT
3415,HCPR
3277,BD
3277,SALE
1693,OTHR
3116,SALE
3116,BD
3359,LGL
4676,HR
2995,RSCH
2995,ANLS
2995,IT
3344,HCPR
2520,MRKT
2520,SALE
3254,RSCH
3254,ANLS
3254,IT
2562,MGMT
2562,MNFC
3036,PRJM
3036,IT
2719,PRJM
2719,ENG
2719,GENB
3079,MGMT
3079,STRA
3079,CNSL
3312,FIN
3312,ACCT
3312,ANLS
2550,MGMT
2550,MNFC
931,ENG
931,IT
234,IT
3247,MRKT
3247,SALE
3076,MGMT
3076,MNFC
2796,IT
3199,ACCT
3199,FIN
3373,HCPR
3220,OTHR
3235,HCPR
1854,SALE
1854,BD
2726,MGMT
2726,MNFC
3022,OTHR
3161,OTHR
3168,OTHR
3409,HCPR
3030,SALE
3030,BD
4567,ENG
4567,IT
2988,SALE
2988,BD
3155,HCPR
2722,SALE
2722,BD
1848,TRNG
1848,HR
2976,OTHR
3007,SALE
3007,BD
3004,SALE
3004,BD
3196,MGMT
3196,MNFC
3354,OTHR
2779,MRKT
2779,SALE
3191,HCPR
1477,IT
3460,MGMT
3460,MNFC
2598,SALE
2598,BD
771,SALE
771,BD
3214,IT
3441,ENG
3441,IT
2117,SALE
2117,BD
1708,HCPR
2465,ACCT
2465,FIN
3399,OTHR
2993,MGMT
2993,MNFC
2918,PRCH
2918,SUPL
2892,HCPR
2089,IT
3115,HCPR
3357,HCPR
2712,ENG
2712,IT
2886,ACCT
2886,FIN
3368,MGMT
3368,MNFC
3210,QA
3305,MGMT
3305,MNFC
2002,ADM
2002,LGL
2882,MGMT
2882,MNFC
3505,CUST
3448,ENG
3448,IT
3081,MGMT
3081,MNFC
1822,MGMT
1822,HCPR
2865,SALE
2865,BD
3375,MGMT
3375,MNFC
3302,HCPR
2948,SALE
2948,BD
3429,OTHR
3039,OTHR
2838,OTHR
2830,ENG
2830,IT
3122,LGL
1669,ACCT
2927,MGMT
2927,MNFC
3394,BD
3394,SALE
2284,SALE
2284,BD
3284,HCPR
3279,IT
3025,MRKT
2768,HCPR
2791,HR
3475,ACCT
3475,FIN
3121,MGMT
3121,MNFC
2954,MGMT
2954,MNFC
3507,MGMT
3507,MNFC
1722,SALE
1722,BD
2650,EDU
2650,TRNG
3463,ENG
3463,IT
2634,EDU
2634,TRNG
2468,MGMT
2468,MNFC
2589,OTHR
3229,HCPR
2645,HR
4210,ADM
2943,CNSL
2943,CUST
2943,PRDM
2967,SALE
2967,BD
3349,ADM
2775,SALE
2775,BD
2775,FIN
2093,LGL
2852,HCPR
3059,RSCH
3059,ANLS
3059,IT
3431,HCPR
3452,MGMT
3452,MNFC
3404,MGMT
3404,MNFC
2228,CNSL
1860,MRKT
3300,HCPR
3258,RSCH
3258,ANLS
3258,IT
2997,OTHR
2745,SALE
2745,BD
1761,LGL
3240,HR
3139,FIN
3139,SALE
3580,BD
3580,SALE
3580,FIN
2984,MGMT
2984,MNFC
3398,MGMT
3398,MNFC
3545,ACCT
3545,FIN
3514,IT
3582,ENG
3582,IT
4341,MGMT
4341,MNFC
3252,ENG
3252,IT
3278,SALE
3160,ENG
3160,IT
3094,MGMT
3094,MNFC
1424,MGMT
1424,MNFC
2234,IT
2698,OTHR
858,FIN
858,SALE
3201,MNFC
3043,MGMT
3043,MNFC
2124,QA
2688,MGMT
2688,MNFC
2767,HCPR
3012,SALE
3012,BD
2800,HCPR
4503,OTHR
3530,IT
2863,HR
2706,SALE
2706,BD
2706,FIN
3074,SALE
3074,BD
3295,MGMT
3295,MNFC
2804,MNFC
3227,HCPR
2816,IT
3142,HCPR
3445,OTHR
2939,PRCH
2939,SUPL
3207,MGMT
3207,MNFC
2990,OTHR
775,MGMT
775,IT
775,ENG
3224,HCPR
3561,SALE
3561,BD
3532,ENG
3532,IT
1999,MRKT
1999,SALE
3472,OTHR
1910,ENG
1910,PRJM
3547,EDU
3547,TRNG
1859,SALE
1913,MGMT
1913,MNFC
3333,MGMT
3333,MNFC
3113,ENG
3165,DSGN
3165,ART
3165,IT
1032,HCPR
2778,HR
3143,ENG
3143,IT
3555,ENG
3555,IT
3096,OTHR
3559,FIN
3559,SALE
3643,ENG
3643,IT
3428,OTHR
3425,ACCT
3425,FIN
3317,RSCH
3317,ANLS
3317,IT
2205,FIN
2205,SALE
3453,OTHR
4754,ANLS
4754,IT
4754,STRA
3124,RSCH
3124,ANLS
3124,IT
3002,SALE
3442,IT
3539,IT
3392,ADM
3332,MGMT
3332,MNFC
3466,MRKT
3466,SALE
2994,MGMT
2994,MNFC
3516,ENG
2849,FIN
2849,SALE
2618,SALE
2618,BD
4399,HCPR
3413,HCPR
3395,ENG
3395,IT
3175,MGMT
3175,MNFC
2893,HCPR
2911,IT
3535,HCPR
3088,OTHR
2817,MGMT
2817,MNFC
1655,SALE
1655,BD
2418,ENG
2418,IT
2418,RSCH
2751,OTHR
2670,ACCT
2670,FIN
2921,QA
1180,MGMT
1180,MNFC
3494,MGMT
3494,MNFC
3542,ACCT
3542,FIN
2411,MNFC
2411,RSCH
2411,STRA
2051,IT
4452,MGMT
4452,MNFC
3469,RSCH
3469,ANLS
3469,IT
3520,SALE
3520,BD
2537,OTHR
3095,SALE
3095,BD
3176,SALE
3636,MGMT
3636,MNFC
3488,MRKT
3488,PR
3488,WRT
3101,ACCT
3101,FIN
2788,MGMT
2788,MNFC
3446,OTHR
3592,OTHR
2572,ENG
2572,IT
2459,PRJM
2459,FIN
2459,ENG
2545,EDU
2545,TRNG
3565,IT
2914,SALE
2914,BD
3001,IT
3464,MGMT
3464,BD
3464,SALE
2766,SALE
2766,BD
971,IT
3420,HCPR
3174,PROD
3286,IT
3601,MGMT
3601,MNFC
3099,MGMT
3099,MNFC
2509,OTHR
2509,IT
2509,MGMT
2344,SALE
2344,BD
3470,DSGN
3470,ART
3470,IT
3318,MGMT
3318,MNFC
2942,ADM
4559,HCPR
3573,MGMT
3573,MNFC
2014,HCPR
3538,MGMT
3538,MNFC
2823,SALE
2823,BD
3172,RSCH
3172,ANLS
3172,IT
3018,ENG
3018,IT
1314,PR
1314,WRT
1314,MRKT
901,ADM
2879,MGMT
2879,MNFC
4737,HCPR
3603,IT
3085,QA
1096,SALE
1096,BD
3653,IT
2819,MRKT
2819,SALE
3242,ACCT
3242,FIN
3242,OTHR
2713,HCPR
3393,MGMT
3393,MNFC
2565,IT
2978,PRDM
2978,MRKT
2795,OTHR
2211,RSCH
2211,ANLS
2211,IT
2822,SALE
2822,BD
3602,HCPR
3604,BD
3604,SALE
3131,MNFC
3035,HCPR
4732,HCPR
1650,IT
3092,IT
3130,LGL
3320,HCPR
3707,MRKT
3707,SALE
2907,MGMT
2907,MNFC
1620,IT
2915,SALE
2915,BD
3044,MGMT
3044,MNFC
3177,ENG
3177,IT
2369,RSCH
2369,ANLS
2369,IT
3049,OTHR
3274,OTHR
3664,MGMT
3664,MNFC
4463,MGMT
4463,MNFC
3474,EDU
3474,TRNG
3283,ENG
3283,IT
3531,FIN
3531,SALE
3672,OTHR
3672,IT
3672,MGMT
3198,IT
1815,OTHR
2055,OTHR
3374,HCPR
2790,ACCT
2790,FIN
3517,OTHR
4225,HCPR
2399,OTHR
4301,IT
2012,ENG
3263,HCPR
3372,HCPR
3553,SALE
3553,BD
3418,HCPR
3645,PRJM
3645,IT
3316,MGMT
3316,MNFC
3544,SALE
1727,IT
2784,DSGN
2784,ART
2784,IT
3729,ENG
3729,IT
3640,MGMT
3640,PRJM
2237,SALE
2237,BD
2982,SALE
2982,BD
3756,ENG
3756,IT
3294,OTHR
3225,OTHR
3481,OTHR
3268,HCPR
3123,RSCH
3123,ANLS
3123,IT
3527,OTHR
2827,OTHR
2727,MGMT
2727,MNFC
2965,ENG
2965,IT
2729,MGMT
2729,MNFC
2898,HCPR
2930,FIN
2930,CNSL
2930,ACCT
3216,HCPR
3443,OTHR
3599,OTHR
3677,MGMT
3677,MNFC
2864,MGMT
2864,MNFC
3509,HR
3541,SALE
3541,BD
3495,MGMT
3495,MNFC
3170,QA
3192,HCPR
3434,MGMT
3434,MNFC
2842,MGMT
2842,MNFC
2941,LGL
3321,RSCH
3321,ANLS
3321,IT
3182,OTHR
3376,OTHR
4750,MRKT
4678,HCPR
2078,SUPL
2758,SALE
2758,BD
3054,SALE
3054,BD
3104,SALE
3104,BD
3298,HCPR
3703,FIN
3703,SALE
2896,MGMT
2896,MNFC
3314,IT
3606,OTHR
3606,IT
3606,MGMT
1641,RSCH
1641,SCI
1641,ENG
3444,OTHR
2971,OTHR
3710,MRKT
3710,SALE
3586,SALE
3586,BD
3308,OTHR
2361,ADM
3270,ADM
3385,MGMT
3385,MNFC
3610,PRJM
3610,IT
3107,SALE
3107,BD
1575,IT
3267,HCPR
1181,IT
3613,SALE
3613,BD
3585,SALE
3585,BD
3347,HCPR
2005,RSCH
2005,ANLS
2005,IT
2614,MGMT
2614,MNFC
2815,SALE
2815,BD
2573,SALE
2573,BD
3339,HCPR
2991,MGMT
2991,STRA
2991,CNSL
2824,SALE
2824,BD
3490,EDU
3490,TRNG
3386,HCPR
3627,SALE
3627,BD
1987,ACCT
1987,FIN
2383,ADM
1524,HCPR
2616,MGMT
2616,MNFC
3617,EDU
3617,TRNG
906,MRKT
906,SALE
906,PR
2147,LGL
1721,ANLS
3593,FIN
3593,SALE
3678,ENG
3678,IT
3583,ENG
3583,IT
2986,MGMT
2986,MNFC
3629,ACCT
3629,ADM
3618,OTHR
1645,HR
3711,ENG
3711,IT
2734,HCPR
2750,SALE
2750,BD
3089,OTHR
3496,HCPR
3236,HCPR
3682,IT
3064,ENG
3013,IT
3457,SALE
3457,BD
3706,IT
2675,MGMT
2675,MNFC
3027,MGMT
3027,MNFC
3226,OTHR
3046,MRKT
3046,PR
3046,WRT
3584,OTHR
3289,HCPR
2214,CUST
3383,HCPR
2611,ENG
2611,IT
2787,SALE
2787,BD
3253,MGMT
3253,MNFC
2018,ACCT
2018,FIN
3480,HCPR
2555,ENG
2555,IT
3522,SALE
3343,HCPR
3430,ADM
3100,SALE
3100,BD
3402,SALE
3402,BD
3299,OTHR
3149,HCPR
2673,EDU
2673,TRNG
2351,CUST
499,RSCH
499,ANLS
499,IT
3487,SALE
3487,BD
2661,HCPR
3458,MGMT
3458,MNFC
3261,HCPR
3159,MGMT
3159,STRA
3159,CNSL
3158,MNFC
3256,ENG
3256,IT
2577,MRKT
2577,SALE
893,HR
2981,MGMT
2981,MNFC
1544,MGMT
1544,MNFC
608,HCPR
2209,ADM
2209,LGL
2209,SUPL
3396,ENG
3396,IT
3526,ADM
3526,GENB
3526,HCPR
4805,SALE
4805,BD
3454,SALE
3454,BD
3616,EDU
3616,TRNG
1505,SALE
1505,BD
2975,DSGN
2975,ART
2975,IT
2760,IT
1352,ENG
1352,IT
2902,OTHR
3212,RSCH
3212,ANLS
3212,IT
2855,HCPR
2253,HCPR
3552,HCPR
3770,SALE
3770,MGMT
3221,ADM
1891,OTHR
2979,HR
2694,MGMT
2694,MNFC
2010,ENG
2926,MGMT
2926,MNFC
3233,OTHR
3658,EDU
3658,TRNG
2715,ACCT
2715,FIN
3657,ADM
3238,HCPR
3120,RSCH
3120,ANLS
3120,IT
3032,MGMT
3032,MNFC
3384,HCPR
3217,SALE
3217,BD
3091,IT
2437,EDU
2437,IT
3041,MGMT
3041,MNFC
3257,IT
3508,MGMT
3508,MNFC
3598,DSGN
2683,IT
3180,HCPR
3187,HCPR
3084,HCPR
2906,OTHR
2859,HR
4218,QA
4218,IT
3493,HR
2625,ENG
2625,IT
1144,SALE
1144,BD
3336,HCPR
2904,SALE
2904,BD
3600,IT
1692,OTHR
2757,SALE
2757,BD
3498,PRJM
3498,IT
3171,IT
3646,RSCH
3646,ANLS
3646,IT
3674,OTHR
2685,FIN
2350,ADM
2679,HCPR
3322,IT
4365,MGMT
4365,MNFC
2905,OTHR
3213,QA
3323,FIN
3323,SALE
3675,OTHR
2798,HCPR
3003,SALE
3163,IT
2762,HR
3588,EDU
3588,TRNG
3346,ADM
2959,MGMT
2959,MNFC
3390,HCPR
3287,HCPR
2936,SALE
2936,BD
3589,DSGN
2755,DSGN
2755,ART
2755,IT
3521,PRJM
3521,IT
3614,EDU
3614,TRNG
3647,MGMT
3647,MNFC
1581,MGMT
1581,MNFC
3215,OTHR
3727,IT
3190,HCPR
1412,ENG
1412,IT
3760,OTHR
3748,MGMT
3748,MNFC
3572,MRKT
3572,PR
3572,WRT
2454,ACCT
3427,OTHR
3477,PRJM
3477,IT
3462,LGL
3563,EDU
3563,TRNG
3303,ADM
3424,ENG
3424,IT
3400,OTHR
2887,MGMT
2887,MNFC
3000,MGMT
3000,MNFC
3621,FIN
3621,SALE
3705,BD
3705,SALE
3330,SALE
3779,ADM
3624,ENG
3624,IT
2478,SALE
2478,BD
2825,IT
3061,ADM
3222,MGMT
3222,MNFC
3412,HCPR
3567,ANLS
3567,IT
3671,FIN
3671,SALE
2691,OTHR
3026,MRKT
3026,PR
3026,WRT
3185,MGMT
3185,MNFC
3338,HCPR
3037,ENG
3037,IT
3525,IT
3219,EDU
3219,TRNG
1946,MGMT
1946,MNFC
3017,MNFC
3408,MGMT
3408,MNFC
2417,MGMT
2417,MNFC
3073,MGMT
3073,MNFC
3228,HCPR
3276,PRDM
1355,HR
4607,HCPR
3411,HCPR
3735,GENB
3735,MGMT
3735,BD
3450,ADM
2263,ENG
2263,IT
2001,ENG
2001,IT
3108,MGMT
3108,STRA
3108,CNSL
3506,CUST
3749,LGL
3246,HCPR
3511,IT
3350,HCPR
2919,SALE
2919,BD
3234,HCPR
2777,HCPR
3250,ENG
3250,IT
975,RSCH
975,SCI
975,MNFC
1927,SALE
3782,HCPR
3141,ENG
3141,IT
3070,MRKT
3237,HCPR
3686,HR
2917,SALE
2917,BD
3128,HR
2814,MGMT
2814,MNFC
3752,HCPR
4222,MGMT
4222,MNFC
3260,HCPR
2649,LGL
1554,IT
3348,HCPR
3576,IT
3150,HCPR
3337,HCPR
3732,ENG
3732,IT
3341,ENG
3341,IT
4562,ACCT
4562,FIN
3667,ACCT
3667,FIN
2738,OTHR
3625,SALE
3625,BD
1417,IT
2955,SALE
2955,BD
2143,HR
3301,ADM
3282,RSCH
3282,ANLS
3282,IT
3169,IT
3416,HCPR
3157,ADM
3186,HCPR
3595,HCPR
3144,ENG
3144,IT
3605,MRKT
3605,SALE
3327,OTHR
2740,HCPR
3774,FIN
3774,ANLS
3774,CNSL
3401,OTHR
3754,HR
3549,IT
2835,SALE
2835,BD
2945,MGMT
2945,MNFC
3038,PRJM
3038,IT
4462,MGMT
4462,MNFC
3533,MGMT
3533,MNFC
3497,SALE
4223,MGMT
4223,MNFC
3365,RSCH
3365,ANLS
3365,IT
3524,IT
3524,FIN
3249,RSCH
3249,ANLS
3249,IT
3697,SALE
3697,BD
3106,OTHR
2622,EDU
2622,TRNG
3716,ENG
3716,IT
2908,SALE
2908,BD
3720,MGMT
3720,MNFC
3485,HR
3587,EDU
3587,TRNG
3666,SALE
3666,BD
3184,HCPR
3655,SALE
3655,BD
1450,ADM
3459,MGMT
3459,MNFC
2924,SALE
2924,BD
3758,FIN
3758,SALE
2423,BD
2423,SALE
3117,SALE
3364,RSCH
3364,ANLS
3364,IT
3211,RSCH
3211,ANLS
3211,IT
3251,RSCH
3251,ANLS
3251,IT
3008,SALE
3008,BD
1231,SALE
1231,BD
3405,OTHR
3388,HCPR
2826,ENG
2826,IT
3239,ADM
3126,HR
3512,ENG
3512,MNFC
2449,PRJM
3244,OTHR
3626,ADM
2600,EDU
2600,TRNG
3560,LGL
2912,MGMT
2912,MNFC
3730,MGMT
3730,MNFC
3578,MGMT
3578,MNFC
1262,SALE
3771,ENG
3771,IT
1179,IT
3137,RSCH
3137,ANLS
3137,IT
2711,MRKT
2711,PR
2711,WRT
3669,ADM
2885,SALE
2885,BD
2394,OTHR
3361,QA
3410,HCPR
2853,HCPR
3693,HCPR
3596,IT
3127,HCPR
4298,MGMT
4298,MNFC
3275,OTHR
3762,HCPR
3491,SALE
3491,BD
3479,OTHR
1222,ACCT
914,SALE
914,BD
3709,SALE
3709,BD
3767,HCPR
3080,MNFC
2969,MGMT
2969,MNFC
3367,OTHR
2716,OTHR
3377,MGMT
3377,MNFC
3790,SALE
3790,BD
2444,ADM
1073,IT
3138,IT
2844,MGMT
2844,MNFC
2950,OTHR
2810,ENG
2810,IT
3206,IT
3255,ENG
3255,IT
3622,FIN
3622,SALE
2370,HR
3455,MRKT
3288,ADM
3230,HCPR
2662,OTHR
2662,IT
2662,MGMT
3641,PRJM
3641,IT
2602,HCPR
3789,SALE
3789,BD
3540,SALE
3648,ENG
3648,IT
3519,HCPR
3280,IT
3269,HCPR
3273,MGMT
3273,MNFC
3660,OTHR
1611,ENG
1611,IT
3097,HCPR
3020,BD
3020,SALE
3093,OTHR
2925,MGMT
2925,MNFC
2714,MGMT
2714,MNFC
3504,MGMT
3504,MNFC
3467,EDU
3467,TRNG
1826,MGMT
1826,MNFC
3562,IT
4827,ACCT
3476,ENG
3153,HCPR
3197,HCPR
2438,ENG
2438,IT
3366,SALE
3366,BD
3745,SALE
3745,BD
3566,IT
3203,HCPR
1198,OTHR
1852,ACCT
1852,ADM
3668,SALE
3311,RSCH
3311,ANLS
3311,IT
1871,IT
2977,OTHR
3639,EDU
3639,TRNG
1514,ACCT
2983,MGMT
2983,MNFC
4683,LGL
4683,CNSL
2837,MGMT
2837,MNFC
3759,MGMT
3759,MNFC
3019,SALE
3019,BD
3635,MGMT
3635,MNFC
1565,MRKT
1565,SALE
3726,HR
3620,OTHR
3620,IT
3620,MGMT
3307,OTHR
1819,HCPR
1819,SCI
3747,MRKT
3747,SALE
3663,MGMT
3663,MNFC
3271,ADM
3676,MRKT
3676,SALE
2651,HCPR
3134,IT
3362,IT
2737,OTHR
3795,SALE
3795,BD
3644,OTHR
3644,IT
3644,MGMT
3741,HCPR
3296,HCPR
3478,DIST
3478,SUPL
3478,CUST
3806,SALE
3806,BD
3473,MGMT
3473,MNFC
3066,MGMT
3066,MNFC
3304,MGMT
3304,MNFC
2999,MGMT
2999,MNFC
3700,IT
3536,HCPR
2257,IT
2878,OTHR
3471,HCPR
3775,MGMT
3775,MNFC
3546,CUST
2968,IT
3656,EDU
3656,TRNG
3329,LGL
3834,SALE
3834,BD
2731,MGMT
2731,MNFC
2763,HR
2301,IT
1835,PRDM
1835,IT
1835,PRJM
3761,IT
3757,OTHR
2916,BD
2916,SALE
3794,SALE
3794,BD
3712,ENG
3712,IT
3590,DSGN
3550,FIN
3550,ACCT
3825,SALE
3825,BD
3638,EDU
3638,TRNG
4753,MGMT
4753,MNFC
3849,SALE
3849,BD
3766,HCPR
3723,HCPR
3090,HCPR
3353,OTHR
3780,ENG
3780,IT
3194,HCPR
2875,SALE
2875,BD
3718,OTHR
3692,OTHR
3183,HCPR
3125,IT
3608,BD
3608,GENB
2379,MGMT
2379,MNFC
3854,SALE
3854,BD
2481,ACCT
2481,FIN
3750,ENG
3750,IT
1034,HCPR
2953,HCPR
2721,RSCH
2721,ANLS
2721,IT
3146,MGMT
3146,MNFC
3568,FIN
2963,IT
3597,ADM
3306,FIN
3306,SALE
3189,MGMT
3189,MNFC
3733,SALE
3733,MGMT
1732,MGMT
1732,MNFC
3681,MGMT
3681,MNFC
2621,OTHR
3845,SALE
3845,BD
1827,MGMT
1827,MNFC
2829,HCPR
3208,HCPR
3468,SALE
3468,BD
3557,EDU
3557,TRNG
3841,SALE
3841,BD
2380,MGMT
2380,MNFC
3704,OTHR
3833,SALE
3833,BD
3456,ENG
3456,IT
3414,OTHR
3731,HCPR
3690,QA
3062,HR
1538,OTHR
3594,FIN
3594,SALE
3725,OTHR
3717,PRJM
3717,IT
2490,RSCH
2490,ANLS
2490,IT
2833,OTHR
3684,ENG
3684,IT
3911,SALE
3911,BD
3569,IT
2663,HR
2832,HR
2035,ACCT
3919,SALE
3919,BD
1420,HCPR
3916,SALE
3916,BD
3887,SALE
3887,BD
3838,SALE
3838,BD
3659,IT
3050,MGMT
3050,MNFC
4801,ACCT
4801,ANLS
4801,FIN
3776,HCPR
3812,SALE
3812,BD
2744,LGL
1157,PRJM
1157,IT
3650,ENG
3650,IT
3243,OTHR
3369,HCPR
3798,SALE
3798,BD
2797,LGL
3796,SALE
3796,BD
3465,OTHR
2547,MGMT
2547,MNFC
2843,SALE
2843,BD
3853,SALE
3853,BD
3652,FIN
3652,SALE
2432,MGMT
2432,MNFC
3662,IT
3438,HCPR
3551,SALE
3551,BD
3966,SALE
3966,BD
4083,SALE
4083,BD
3799,SALE
3799,BD
3737,ENG
3683,CUST
1523,OTHR
3837,HR
2785,SALE
2785,BD
3944,MGMT
3944,MNFC
3863,SALE
3863,BD
3642,OTHR
3701,IT
3855,SALE
3855,BD
3860,SALE
3860,BD
3309,OTHR
3382,HCPR
2903,SALE
2903,BD
3793,SALE
3793,BD
3325,PROD
3325,MGMT
4670,MGMT
4670,MNFC
3797,SALE
3797,BD
3861,SALE
3861,BD
3724,HCPR
3632,FIN
3632,SALE
3164,MGMT
3164,MNFC
2786,IT
4084,SALE
4084,BD
3556,SALE
3556,BD
2947,OTHR
3689,SALE
3689,CUST
3864,MGMT
3864,MNFC
1491,MGMT
1491,MNFC
2783,MRKT
2783,SALE
3528,IT
3865,SALE
3865,BD
3811,SALE
3811,BD
2708,MGMT
2708,MNFC
3581,MGMT
3581,MNFC
3765,HCPR
3503,SALE
3503,BD
3734,PRDM
3734,MRKT
3870,SALE
3870,BD
3769,ENG
3179,HCPR
3826,MGMT
3826,MNFC
3167,PRJM
3167,IT
894,ENG
894,OTHR
3823,SALE
3823,BD
3537,SALE
2973,HCPR
3805,SALE
3805,BD
2176,MGMT
2176,MNFC
2890,HCPR
4008,SALE
4008,BD
3523,CUST
3736,ACCT
3736,CNSL
3736,FIN
2473,ENG
2473,IT
4038,SALE
4038,BD
3893,HCPR
575,ACCT
575,FIN
3891,HCPR
3722,HCPR
3764,HCPR
3451,MGMT
3451,MNFC
3820,SALE
3820,BD
3241,FIN
3241,SALE
3499,MGMT
3499,MNFC
3571,FIN
3571,SALE
3867,SALE
3867,BD
2792,PRCH
2792,SUPL
3714,IT
3847,MGMT
3847,MNFC
3880,SALE
3880,BD
2949,SALE
2949,BD
3423,ENG
3423,IT
3721,MGMT
3721,MNFC
1971,IT
3609,PRJM
3609,IT
3941,HCPR
3145,MGMT
3145,MNFC
3885,BD
3885,SALE
3292,HCPR
3852,SALE
3852,BD
1499,TRNG
1499,EDU
3691,MGMT
3691,MNFC
3903,ENG
3903,IT
3873,PRJM
3873,IT
3827,SALE
3827,BD
3154,HCPR
4049,SALE
4049,BD
3850,MGMT
3850,MNFC
3702,FIN
3702,SALE
3738,HCPR
3324,MGMT
3324,MNFC
3082,MGMT
3082,MNFC
3649,ENG
3649,IT
3102,OTHR
2247,IT
3900,HCPR
3784,HCPR
3200,OTHR
3801,SALE
3801,BD
1880,MRKT
1880,SALE
3783,DSGN
3783,MRKT
3783,ADVR
3628,EDU
3628,TRNG
3753,HCPR
2695,MGMT
2695,MNFC
3397,ADM
3432,HCPR
3558,EDU
3558,TRNG
2974,HCPR
3894,MGMT
3894,MNFC
3379,HCPR
3634,IT
3554,PRJM
3554,IT
3804,SALE
3804,BD
3835,SALE
3835,BD
2298,HCPR
3821,SALE
3821,BD
2579,FIN
2579,ACCT
3381,HCPR
3391,HCPR
3858,SALE
3858,BD
4041,MGMT
4041,MNFC
3328,OTHR
3912,SALE
3912,BD
3202,HCPR
3360,ENG
3360,IT
3815,SALE
3815,BD
3502,PRDM
3943,HCPR
3897,MGMT
3897,MNFC
3915,SALE
3915,BD
3844,MGMT
3844,MNFC
3010,SALE
3010,BD
3840,SALE
3840,BD
3877,HCPR
4540,MGMT
4540,MNFC
3907,MGMT
3907,MNFC
3063,QA
4047,SALE
4047,BD
4009,SALE
4009,BD
3633,FIN
3633,SALE
2039,MGMT
2039,MNFC
3889,MGMT
3889,MNFC
3800,SALE
3800,BD
4000,MGMT
4000,MNFC
3484,MGMT
3484,MNFC
3204,OTHR
3902,OTHR
3447,HCPR
2006,MNFC
3272,HCPR
3809,SALE
3809,BD
3924,HCPR
3878,EDU
3878,TRNG
4079,HCPR
4046,SALE
4046,BD
3437,HCPR
3906,OTHR
4048,SALE
4048,BD
2126,SALE
2126,BD
3868,HCPR
2528,EDU
2528,TRNG
3031,SALE
3031,BD
3973,HCPR
4089,MGMT
4089,MNFC
3971,HCPR
3950,SALE
3950,BD
4013,ADM
3807,SALE
3807,BD
3574,SALE
3574,BD
2946,MGMT
2946,MNFC
3947,EDU
3947,TRNG
4834,EDU
3403,GENB
3403,MGMT
3403,BD
3673,RSCH
3673,ANLS
3673,IT
3843,SALE
3843,BD
4087,SALE
4087,BD
3195,HCPR
3371,MGMT
3371,MNFC
3785,OTHR
3910,MGMT
3910,MNFC
4042,HCPR
2152,HR
2152,ADM
4073,MGMT
4073,MNFC
3763,CNSL
3351,HR
2699,ADM
4033,HCPR
3331,HCPR
3929,HCPR
3917,SALE
3917,BD
4597,ENG
4597,PRDM
4597,MNFC
4075,DSGN
4075,ART
4075,IT
3715,ENG
3715,IT
3777,HCPR
3518,EDU
3518,TRNG
3637,EDU
3637,TRNG
3407,HCPR
3981,SALE
3981,BD
3888,DSGN
3888,ART
3888,IT
3857,SALE
3857,BD
2667,MGMT
2667,MNFC
2511,LGL
4082,MGMT
4082,MNFC
3619,MRKT
3619,SALE
3612,SALE
3612,BD
2964,SALE
2964,BD
876,ACCT
3964,ENG
3964,IT
3449,ADM
3788,SALE
3788,BD
3358,ACCT
3358,FIN
2697,MGMT
2697,MNFC
1536,HCPR
4004,MGMT
4004,MNFC
3909,MGMT
3909,MNFC
3945,HCPR
2157,OTHR
3960,HCPR
3072,MGMT
3072,MNFC
3345,OTHR
3874,MGMT
3874,MNFC
3830,SALE
3830,BD
3848,ENG
3848,IT
3335,HCPR
3882,HCPR
3387,HCPR
3932,HCPR
4010,ADM
3816,SALE
3816,BD
2548,ACCT
2548,FIN
1937,IT
4014,OTHR
4076,HCPR
4005,HCPR
758,MGMT
758,MNFC
3433,MGMT
3433,MNFC
4017,HCPR
3817,SALE
3817,BD
3920,HCPR
3836,SALE
3836,BD
3898,SALE
3898,BD
3739,HCPR
3529,EDU
3529,TRNG
3631,FIN
3631,SALE
3934,HCPR
3839,SALE
3839,BD
3895,HCPR
3851,SALE
3851,BD
4090,HR
3985,MGMT
3985,MNFC
3363,ENG
3363,IT
3968,HCPR
4078,MGMT
4078,MNFC
3575,SALE
3575,BD
3687,MGMT
3687,MNFC
3611,OTHR
3579,SALE
3579,BD
3152,HCPR
2692,MRKT
2692,SCI
3679,SALE
3679,BD
3047,PRJM
3047,IT
3931,BD
3931,SALE
3313,SALE
3708,MGMT
3708,MNFC
4054,OTHR
2742,MRKT
2742,SALE
3970,HCPR
3946,SALE
3946,BD
3984,MRKT
3984,SALE
3918,SALE
3918,BD
3548,MRKT
3548,SALE
3930,MGMT
3930,MNFC
3998,EDU
3998,TRNG
3006,SALE
3006,BD
4045,MGMT
4045,MNFC
4085,SALE
4085,BD
3937,OTHR
3534,ACCT
3534,FIN
4093,HCPR
3670,HCPR
3802,SALE
3802,BD
3417,HCPR
3513,HCPR
4039,HCPR
3778,HCPR
3742,HCPR
4077,HCPR
2372,IT
3259,ADM
2808,FIN
2808,SALE
2808,CUST
3983,MRKT
3983,SALE
4015,HCPR
3607,PROD
3607,MNFC
3607,ENG
3992,HCPR
3913,MGMT
3913,MNFC
4018,ENG
4018,IT
3334,HCPR
3419,ADM
3694,HCPR
3356,FIN
3356,SALE
4412,FIN
4412,SALE
4412,BD
3866,SALE
3866,BD
3245,OTHR
3824,SALE
3824,BD
3810,SALE
3810,BD
3928,HCPR
3773,MGMT
3773,MNFC
1124,ACCT
1124,FIN
1124,GENB
3940,BD
3940,SALE
3999,MGMT
3999,MNFC
3905,HCPR
3994,HCPR
3869,HCPR
4016,OTHR
4496,ENG
4496,IT
2957,MGMT
2957,STRA
2957,CNSL
3688,HR
3151,HCPR
3969,HCPR
3987,HCPR
4037,HCPR
4001,HCPR
3352,HR
1713,PRJM
1713,IT
3075,MGMT
3075,MNFC
3883,HCPR
4052,HCPR
3962,HCPR
3856,SALE
3856,BD
3958,IT
3890,HCPR
1383,IT
4034,MGMT
4034,MNFC
3965,HCPR
3876,MGMT
3876,MNFC
3923,MGMT
3923,MNFC
3719,SALE
3719,BD
3319,IT
3696,HCPR
3651,ENG
3651,IT
3486,MGMT
3486,MNFC
2761,ENG
2761,IT
3975,HCPR
3955,IT
3936,BD
3936,MGMT
3751,IT
3828,SALE
3828,BD
3832,SALE
3832,BD
2681,ADM
3768,SALE
3768,BD
3291,OTHR
3879,SALE
3879,BD
3951,OTHR
2327,ENG
2327,IT
4002,HCPR
3921,HCPR
3914,MGMT
3914,MNFC
3990,HCPR
4092,OTHR
3818,SALE
3818,BD
4100,ENG
4019,SALE
3976,MGMT
3976,MNFC
3922,MGMT
3922,MNFC
3938,OTHR
3422,HCPR
3933,EDU
3933,TRNG
3055,MGMT
3055,MNFC
3831,ADM
3654,SALE
3654,BD
3872,MGMT
3872,MNFC
838,QA
3859,SALE
3859,BD
4098,SALE
2132,MGMT
2132,MNFC
3953,OTHR
2776,HCPR
4003,HCPR
4065,HR
4104,HCPR
4086,SALE
4086,BD
3698,SALE
3698,BD
4051,OTHR
3972,HCPR
3896,HCPR
3136,MGMT
3136,MNFC
4035,MGMT
4035,MNFC
3699,ENG
3699,OTHR
4063,MGMT
4063,MNFC
4094,HCPR
3988,HCPR
3119,DSGN
3119,ART
3119,IT
3875,SALE
3875,BD
3290,HCPR
4036,HCPR
4061,ACCT
3661,OTHR
3803,SALE
3803,BD
3178,HCPR
3842,SALE
3842,BD
3908,MGMT
3908,MNFC
4055,HCPR
3884,MGMT
3884,MNFC
3939,HCPR
4102,OTHR
3935,HCPR
3315,RSCH
3315,ANLS
3315,IT
3685,SALE
3685,BD
4023,IT
2575,ACCT
2575,HR
2575,GENB
4091,MGMT
4091,MNFC
3808,SALE
3808,BD
3822,SALE
3822,BD
2884,MGMT
2884,MNFC
3942,ACCT
3942,FIN
4105,MGMT
4105,MNFC
4028,MGMT
4028,MNFC
4066,ADM
4057,OTHR
2413,FIN
2413,ACCT
4649,HCPR
3901,SALE
3901,BD
4029,IT
3980,SALE
3980,BD
4012,HCPR
2513,SALE
2513,BD
3925,HCPR
4025,HCPR
4053,OTHR
4053,IT
4053,MGMT
3630,FIN
3630,SALE
3083,MGMT
3083,MNFC
3862,SALE
3862,BD
3927,HCPR
2932,HCPR
3623,SALE
3623,BD
4026,MGMT
4026,MNFC
1471,GENB
3819,SALE
3819,BD
3483,CUST
3954,HCPR
3952,MGMT
3952,MNFC
4040,MGMT
4040,MNFC
3501,IT
4095,HCPR
3892,HCPR
3871,SALE
3871,BD
4021,ENG
4021,IT
3949,ENG
3949,IT
4068,HCPR
3791,FIN
3791,SALE
3389,HCPR
3755,HCPR
4088,MGMT
4088,MNFC
3963,HR
3967,SALE
3967,BD
4109,SALE
4103,HCPR
4069,IT
3310,ENG
3310,IT
4043,HCPR
3577,OTHR
4108,MGMT
4108,MNFC
3959,HCPR
1497,ACCT
4067,HCPR
3615,EDU
3615,TRNG
4056,OTHR
3218,BD
3218,SALE
3695,HCPR
1495,RSCH
1495,ANLS
1495,IT
3979,HCPR
3956,HCPR
3786,SALE
3786,BD
4064,ENG
4064,IT
3974,HCPR
4070,MGMT
4070,MNFC
4050,SALE
4050,BD
3746,IT
2996,OTHR
3232,HCPR
2494,SALE
2494,BD
4107,OTHR
3961,HCPR
3297,HCPR
3995,HCPR
3989,HCPR
4006,MGMT
4006,MNFC
4059,OTHR
3440,RSCH
3440,ANLS
3440,IT
4020,MGMT
4020,MNFC
3991,HR
3543,MRKT
3543,SALE
4022,ENG
4022,IT
4031,ACCT
3948,HCPR
2935,IT
3993,HCPR
4099,MGMT
4099,MNFC
3482,HCPR
2770,OTHR
3886,SALE
3886,BD
4096,HCPR
4106,MGMT
4106,MNFC
4060,HCPR
3846,SALE
3846,BD
4071,MGMT
4071,MNFC
4080,MGMT
4080,MNFC
3978,MGMT
3978,MNFC
3223,HCPR
4110,MGMT
4110,MNFC
3977,MGMT
3977,MNFC
3926,HCPR
4074,MGMT
4074,MNFC
4062,HCPR
3986,OTHR
3899,SALE
3899,BD
3957,HCPR
2735,OTHR
4081,HCPR
3510,HR
3829,MGMT
3829,MNFC
4011,HCPR
3743,FIN
3813,IT
3814,SALE
3814,BD
3997,SALE
3881,QA
4058,HCPR
3792,OTHR
4024,MGMT
4024,MNFC
1290,MGMT
1290,MNFC
4072,PRJM
4072,IT
3996,ENG
3996,IT
4032,OTHR
4111,MGMT
4111,MNFC
4097,HR
4007,SALE
4007,BD
4030,HCPR
2894,HCPR
4101,IT
4112,HCPR
4044,HCPR
4027,EDU
4027,TRNG
4115,MGMT
4115,MNFC
4116,HCPR
4117,PRCH
4117,SUPL
4118,OTHR
4113,IT
4119,ACCT
4114,MRKT
4120,BD
4120,SALE
4122,SALE
4122,MGMT
4121,HCPR
4124,MGMT
4124,MNFC
4125,MGMT
4125,MNFC
4123,IT
4126,MGMT
4126,MNFC
4127,MGMT
4127,MNFC
4130,OTHR
4131,MGMT
4131,MNFC
4129,OTHR
4128,EDU
4128,TRNG
4132,HR
4135,HR
4134,HCPR
4133,HCPR
4137,OTHR
4136,MGMT
4136,MNFC
4138,SALE
4139,IT
4140,IT
4141,OTHR
80,ADM
468,OTHR
3489,MGMT
3489,MNFC
3570,PRJM
3570,IT
3564,FIN
3564,SALE
3515,FIN
3515,SALE
3591,MGMT
3591,MNFC
3680,MRKT
3680,PR
3680,WRT
3665,OTHR
3713,ENG
215,FIN
215,SALE
3772,ENG
3772,IT
284,HCPR
3787,IT
593,OTHR
381,PRJM
381,IT
367,BD
367,SALE
201,ENG
201,IT
493,FIN
493,SALE
440,SALE
440,MGMT
39,ADM
613,MGMT
613,MNFC
21,LGL
3500,CUST
31,OTHR
236,BD
236,SALE
447,MGMT
447,MNFC
619,MRKT
619,SALE
378,FIN
378,SALE
289,SALE
289,BD
144,DSGN
144,ART
144,IT
395,SALE
395,BD
7,DSGN
7,ART
7,IT
20,MGMT
20,MNFC
269,HCPR
238,MGMT
238,MNFC
100,PRJM
100,IT
610,SALE
186,DSGN
186,ART
186,IT
66,ENG
66,IT
594,MRKT
594,SALE
140,SALE
140,BD
494,SALE
494,BD
517,ADM
124,BD
124,SALE
497,ENG
497,IT
371,MGMT
371,MNFC
72,MGMT
72,MNFC
430,ENG
430,IT
623,FIN
623,EDU
539,ENG
539,IT
571,BD
571,SALE
443,OTHR
156,MRKT
156,SALE
368,OTHR
109,DSGN
109,ART
109,IT
589,ENG
589,IT
492,ADM
15,HCPR
409,SALE
428,FIN
428,ANLS
136,ENG
136,IT
669,ENG
669,PRJM
669,DSGN
70,EDU
70,TRNG
12,ADM
626,LGL
217,IT
224,FIN
224,SALE
563,SALE
563,BD
336,ENG
336,IT
442,ENG
442,IT
40,SALE
40,FIN
40,RSCH
604,ACCT
604,FIN
649,IT
441,RSCH
441,ANLS
441,IT
9,DSGN
9,ART
9,IT
479,BD
479,SALE
108,SALE
108,BD
181,OTHR
96,PRJM
96,IT
473,DSGN
473,ART
473,IT
622,BD
622,SALE
436,HCPR
477,GENB
477,MGMT
477,BD
438,SALE
438,BD
5,DSGN
5,ART
5,IT
580,DSGN
580,ART
580,IT
543,ACCT
543,FIN
126,OTHR
607,ENG
607,IT
227,MGMT
227,MNFC
472,IT
183,ADM
508,MGMT
508,MNFC
151,ACCT
151,FIN
273,FIN
273,SALE
297,SALE
297,MGMT
292,MGMT
292,MNFC
560,ENG
560,IT
633,SALE
633,BD
394,EDU
394,TRNG
175,DSGN
175,ART
175,IT
672,MNFC
672,ENG
655,PRJM
655,IT
674,SALE
674,BD
561,RSCH
561,ANLS
561,IT
337,MRKT
337,SALE
663,RSCH
663,ANLS
663,IT
585,OTHR
280,FIN
280,SALE
196,DSGN
196,ART
196,IT
34,LGL
460,ENG
460,IT
341,MGMT
341,MNFC
439,SALE
439,BD
547,MNFC
547,ENG
417,SALE
417,BD
423,ACCT
423,FIN
393,SALE
393,BD
675,ACCT
675,FIN
448,SALE
448,BD
2229,HR
154,ENG
154,IT
165,ENG
377,LGL
59,ENG
59,IT
264,SALE
264,BD
332,FIN
332,SALE
98,HR
3,OTHR
464,IT
50,FIN
47,SALE
47,BD
46,OTHR
55,MGMT
55,MNFC
49,FIN
49,SALE
51,MGMT
51,MNFC
45,HCPR
52,MGMT
52,MNFC
53,MGMT
53,MNFC
48,HCPR
54,HCPR
662,LGL
334,SALE
2320,ENG
2320,SCI
2320,DSGN
358,ENG
358,IT
529,PRJM
529,IT
104,LGL
258,ACCT
258,FIN
577,ENG
577,IT
229,OTHR
38,SALE
38,BD
415,MRKT
415,SALE
514,HR
490,SALE
490,BD
408,ENG
408,IT
510,IT
609,OTHR
609,IT
609,MGMT
346,DSGN
346,ART
346,IT
470,MGMT
470,MNFC
317,DSGN
317,ART
317,IT
107,MRKT
107,PR
107,WRT
471,MGMT
471,MNFC
199,MGMT
199,MNFC
99,MGMT
99,MNFC
657,MRKT
657,SALE
480,ACCT
480,FIN
251,HR
559,MRKT
559,SALE
276,ENG
276,IT
676,SALE
676,BD
364,SALE
364,BD
638,ENG
638,IT
265,IT
496,SALE
496,BD
288,IT
621,MRKT
621,SALE
414,HCPR
86,IT
14,ACCT
14,MGMT
14,HR
180,ENG
180,IT
455,OTHR
647,ACCT
94,IT
309,PRJM
309,IT
135,SALE
135,BD
129,MRKT
129,SALE
250,BD
250,SALE
207,HCPR
141,HCPR
531,SALE
531,BD
184,ACCT
184,FIN
243,ADM
433,HR
581,RSCH
581,ANLS
581,IT
200,ENG
200,IT
189,HCPR
189,OTHR
42,SALE
42,BD
348,HR
343,MRKT
343,SALE
562,ADM
562,HR
562,ACCT
419,DSGN
419,ART
419,IT
469,ENG
469,IT
235,ENG
235,IT
637,MGMT
637,MNFC
260,OTHR
254,MGMT
254,MNFC
597,MRKT
597,SALE
166,ENG
166,IT
566,SALE
347,SALE
347,BD
113,LGL
2,MGMT
2,MNFC
270,LGL
614,DSGN
614,ART
614,IT
596,IT
579,EDU
579,TRNG
95,OTHR
350,LGL
548,MGMT
548,MNFC
17,ENG
17,IT
476,MGMT
476,MNFC
527,MGMT
527,MNFC
232,MRKT
232,SALE
263,EDU
263,TRNG
375,OTHR
375,IT
375,MGMT
523,MRKT
523,PR
523,WRT
513,OTHR
513,IT
513,MGMT
187,MGMT
187,MNFC
286,PRCH
286,SUPL
643,ADM
591,IT
193,BD
193,SALE
310,RSCH
310,ANLS
310,IT
78,PRJM
78,IT
2318,CUST
392,LGL
195,SALE
195,BD
218,LGL
158,MGMT
158,MNFC
202,SALE
202,BD
18,OTHR
148,EDU
148,TRNG
595,OTHR
213,LGL
290,MRKT
290,PR
290,WRT
212,ADM
644,ENG
644,IT
146,ACCT
146,FIN
606,MGMT
606,MNFC
503,SALE
503,BD
153,ENG
153,IT
173,DSGN
173,ART
173,IT
525,MGMT
525,MNFC
163,HCPR
481,ACCT
481,FIN
252,PRJM
252,IT
299,MGMT
299,MNFC
450,ADM
640,FIN
640,SALE
583,MRKT
583,SALE
583,STRA
1,MRKT
1,SALE
422,IT
27,MGMT
27,MNFC
617,EDU
617,TRNG
557,MRKT
557,SALE
340,HCPR
37,SALE
37,MRKT
37,PRDM
659,ENG
659,IT
363,ENG
363,IT
278,HCPR
420,MGMT
420,MNFC
339,MRKT
339,PR
339,WRT
303,FIN
303,SALE
44,IT
118,ACCT
118,FIN
668,ADM
656,LGL
84,ADM
223,LGL
632,HCPR
29,HCPR
449,SALE
449,BD
509,BD
509,SALE
567,OTHR
170,LGL
396,OTHR
528,MRKT
528,SALE
122,EDU
122,TRNG
535,ENG
535,IT
307,MRKT
307,SALE
416,MGMT
416,MNFC
504,ACCT
504,FIN
330,BD
330,SALE
648,IT
335,OTHR
590,MGMT
590,MNFC
586,SALE
586,MGMT
244,SALE
244,BD
412,ACCT
412,FIN
132,OTHR
452,IT
139,MGMT
139,MNFC
106,SALE
106,BD
349,MGMT
349,MNFC
678,DSGN
678,ART
678,IT
639,MGMT
639,MNFC
526,ADM
666,MRKT
666,SALE
261,MRKT
261,SALE
13,MRKT
13,PR
13,WRT
138,IT
4,PRJM
133,SALE
133,BD
551,MGMT
551,MNFC
210,ENG
210,IT
501,ENG
501,IT
85,HCPR
267,OTHR
159,HCPR
475,SALE
475,BD
519,FIN
519,SALE
354,ACCT
354,FIN
81,MRKT
81,SALE
388,ENG
388,IT
549,FIN
549,SALE
533,ENG
533,IT
427,ACCT
427,ANLS
427,BD
304,MRKT
304,SALE
665,ACCT
665,FIN
324,LGL
90,DSGN
90,ART
90,IT
352,MRKT
352,SALE
653,MGMT
653,MNFC
248,ENG
248,IT
530,MGMT
530,MNFC
366,PRJM
366,IT
661,HCPR
242,FIN
242,SALE
611,ACCT
611,FIN
26,EDU
26,TRNG
625,MGMT
625,MNFC
694,MGMT
694,MNFC
123,MRKT
123,SALE
435,IT
92,MGMT
92,MNFC
301,MGMT
300,CUST
474,MGMT
474,MNFC
205,ADM
2613,OTHR
2613,IT
2613,MGMT
245,BD
245,SALE
329,FIN
329,SALE
465,HCPR
188,ADM
188,QA
87,CUST
87,SALE
603,ACCT
603,FIN
134,EDU
134,TRNG
116,HCPR
103,MGMT
103,MNFC
328,ENG
177,ADM
24,ADM
331,MGMT
331,MNFC
616,BD
616,PRDM
616,PRJM
226,ENG
226,IT
457,ADM
507,BD
507,SALE
176,MRKT
176,SALE
550,MRKT
550,SALE
405,CNSL
405,IT
405,SALE
161,PR
161,PRJM
161,STRA
23,HCPR
344,IT
386,ACCT
386,FIN
255,LGL
11,OTHR
664,HCPR
361,MGMT
361,MNFC
75,MRKT
75,SALE
588,OTHR
287,BD
287,SALE
374,HCPR
295,ENG
295,IT
677,IT
102,FIN
102,SALE
36,MRKT
36,SALE
565,SALE
565,BD
524,FIN
524,SALE
222,HR
230,SALE
230,BD
407,ENG
407,IT
67,MGMT
67,MNFC
277,MRKT
277,SALE
601,MRKT
601,ACCT
601,ANLS
515,LGL
22,SALE
22,BD
463,MGMT
463,MNFC
555,IT
231,ENG
231,IT
355,SALE
355,BD
105,IT
426,BD
426,SALE
214,HCPR
542,MGMT
542,MNFC
150,OTHR
77,MRKT
77,SALE
145,HCPR
558,IT
312,ENG
312,IT
456,OTHR
540,QA
315,MGMT
315,MNFC
671,SALE
671,BD
424,EDU
424,TRNG
33,SALE
33,CNSL
642,ENG
642,IT
318,MGMT
318,MNFC
351,PRCH
351,SUPL
537,PRJM
537,IT
182,MGMT
578,IT
553,MRKT
553,PR
553,WRT
600,GENB
600,ADM
600,OTHR
512,ENG
512,IT
516,MGMT
516,MNFC
266,RSCH
266,ANLS
266,IT
240,PRJM
240,IT
172,HCPR
651,ENG
651,IT
641,ENG
641,IT
97,ACCT
97,FIN
71,ADM
660,RSCH
660,WRT
660,ANLS
164,MNFC
64,MNFC
64,IT
64,QA
82,PRJM
82,ENG
484,PRDM
484,MRKT
306,BD
306,SALE
239,LGL
552,BD
552,SALE
401,DSGN
401,ART
401,IT
32,FIN
32,PROD
32,SALE
429,MGMT
429,MNFC
387,ENG
387,IT
444,OTHR
216,DSGN
216,ART
216,IT
373,SALE
373,BD
294,EDU
294,TRNG
58,ENG
58,IT
57,ENG
57,IT
178,FIN
178,SALE
128,BD
128,SALE
576,DSGN
576,ART
576,IT
554,SALE
554,BD
505,HCPR
225,ENG
225,IT
485,HCPR
353,ENG
353,IT
43,HCPR
319,HR
654,PRJM
654,IT
120,FIN
120,SALE
62,ACCT
62,FIN
63,QA
63,PRJM
322,IT
253,HR
605,BD
605,SALE
478,QA
117,BD
117,SALE
379,ENG
379,IT
152,SALE
152,BD
556,CNSL
556,IT
556,SALE
437,ENG
437,IT
259,SALE
259,MGMT
179,SALE
179,BD
615,MGMT
615,MNFC
482,LGL
167,ENG
167,IT
612,MRKT
612,SALE
650,MGMT
650,MNFC
185,ENG
185,IT
93,ENG
93,IT
10,MRKT
10,SALE
365,ACCT
365,FIN
489,HR
119,IT
385,ENG
385,IT
645,ACCT
645,FIN
629,IT
631,DSGN
631,ART
631,IT
652,MGMT
652,BD
271,HCPR
285,HCPR
127,LGL
391,LGL
262,ACCT
262,FIN
522,PRDM
522,MRKT
125,SALE
125,MGMT
545,ENG
545,IT
382,ENG
382,IT
228,MGMT
228,MNFC
646,ENG
646,IT
19,ADM
399,ENG
399,IT
491,DSGN
491,ART
491,IT
2160,PRJM
2160,IT
487,ENG
487,IT
316,ENG
327,ENG
327,IT
30,MGMT
30,MNFC
142,CUST
68,SALE
68,BD
384,HCPR
2319,QA
634,ACCT
634,FIN
411,DSGN
411,ART
411,IT
168,ENG
168,QA
168,PROD
404,MGMT
404,MNFC
584,FIN
584,SALE
636,MGMT
636,MNFC
198,ADM
546,MGMT
546,MNFC
383,MRKT
383,SALE
220,MRKT
220,PR
220,WRT
194,IT
211,DSGN
211,QA
410,HCPR
541,QA
323,PRJM
323,IT
249,MGMT
249,MNFC
574,HCPR
275,ACCT
275,FIN
602,HCPR
204,MGMT
204,MNFC
376,DSGN
376,ART
376,IT
79,ADM
149,BD
149,SALE
421,ENG
421,IT
110,MRKT
110,SALE
342,RSCH
342,ANLS
342,IT
60,FIN
60,SALE
157,PRJM
157,IT
568,HCPR
402,OTHR
532,ADM
461,MGMT
461,MNFC
203,LGL
459,FIN
459,SALE
618,HCPR
256,MRKT
256,SALE
2475,OTHR
130,MRKT
130,SALE
445,MGMT
445,MNFC
137,MGMT
137,MNFC
221,MRKT
221,SALE
582,ENG
582,IT
506,OTHR
362,CNSL
362,IT
362,SALE
338,MGMT
338,MNFC
